driver,nationality,points,position,team,year
Oscar Piastri PIA,AUS,266,1,McLaren,2025
Lando Norris NOR,GBR,250,2,McLaren,2025
Max Verstappen VER,NED,185,3,Red Bull Racing,2025
George Russell RUS,GBR,157,4,Mercedes,2025
Charles Leclerc LEC,MON,139,5,Ferrari,2025
Lewis Hamilton HAM,GBR,109,6,Ferrari,2025
Kimi Antonelli ANT,ITA,63,7,Mercedes,2025
Alexander Albon ALB,THA,54,8,Williams,2025
Nico Hulkenberg HUL,GER,37,9,Kick Sauber,2025
Esteban Ocon OCO,FRA,27,10,Haas,2025
Isack Hadjar HAD,FRA,22,11,Racing Bulls,2025
Pierre Gasly GAS,FRA,20,12,Alpine,2025
Lance Stroll STR,CAN,20,13,Aston Martin,2025
Liam Lawson LAW,NZL,16,14,Racing Bulls,2025
Fernando Alonso ALO,ESP,16,15,Aston Martin,2025
Carlos Sainz SAI,ESP,16,16,Williams,2025
Yuki Tsunoda TSU,JPN,10,17,Red Bull Racing,2025
Oliver Bearman BEA,GBR,8,18,Haas,2025
Gabriel Bortoleto BOR,BRA,6,19,Kick Sauber,2025
Franco Colapinto COL,ARG,0,20,Alpine,2025
Jack Doohan DOO,AUS,0,21,Alpine,2025
Max Verstappen VER,NED,395.5,1,Red Bull Racing Honda,2021
Lewis Hamilton HAM,GBR,387.5,2,Mercedes,2021
Valtteri Bottas BOT,FIN,226,3,Mercedes,2021
Sergio Perez PER,MEX,190,4,Red Bull Racing Honda,2021
Carlos Sainz SAI,ESP,164.5,5,Ferrari,2021
Lando Norris NOR,GBR,160,6,McLaren Mercedes,2021
Charles Leclerc LEC,MON,159,7,Ferrari,2021
Daniel Ricciardo RIC,AUS,115,8,McLaren Mercedes,2021
Pierre Gasly GAS,FRA,110,9,AlphaTauri Honda,2021
Fernando Alonso ALO,ESP,81,10,Alpine Renault,2021
Esteban Ocon OCO,FRA,74,11,Alpine Renault,2021
Sebastian Vettel VET,GER,43,12,Aston Martin Mercedes,2021
Lance Stroll STR,CAN,34,13,Aston Martin Mercedes,2021
Yuki Tsunoda TSU,JPN,32,14,AlphaTauri Honda,2021
George Russell RUS,GBR,16,15,Williams Mercedes,2021
Kimi Räikkönen RAI,FIN,10,16,Alfa Romeo Racing Ferrari,2021
Nicholas Latifi LAT,CAN,7,17,Williams Mercedes,2021
Antonio Giovinazzi GIO,ITA,3,18,Alfa Romeo Racing Ferrari,2021
Mick Schumacher MSC,GER,0,19,Haas Ferrari,2021
Robert Kubica KUB,POL,0,20,Alfa Romeo Racing Ferrari,2021
Nikita Mazepin MAZ,RAF,0,21,Haas Ferrari,2021
Max Verstappen VER,NED,454,1,Red Bull Racing RBPT,2022
Charles Leclerc LEC,MON,308,2,Ferrari,2022
Sergio Perez PER,MEX,305,3,Red Bull Racing RBPT,2022
George Russell RUS,GBR,275,4,Mercedes,2022
Carlos Sainz SAI,ESP,246,5,Ferrari,2022
Lewis Hamilton HAM,GBR,240,6,Mercedes,2022
Lando Norris NOR,GBR,122,7,McLaren Mercedes,2022
Esteban Ocon OCO,FRA,92,8,Alpine Renault,2022
Fernando Alonso ALO,ESP,81,9,Alpine Renault,2022
Valtteri Bottas BOT,FIN,49,10,Alfa Romeo Ferrari,2022
Daniel Ricciardo RIC,AUS,37,11,McLaren Mercedes,2022
Sebastian Vettel VET,GER,37,12,Aston Martin Aramco Mercedes,2022
Kevin Magnussen MAG,DEN,25,13,Haas Ferrari,2022
Pierre Gasly GAS,FRA,23,14,AlphaTauri RBPT,2022
Lance Stroll STR,CAN,18,15,Aston Martin Aramco Mercedes,2022
Mick Schumacher MSC,GER,12,16,Haas Ferrari,2022
Yuki Tsunoda TSU,JPN,12,17,AlphaTauri RBPT,2022
Zhou Guanyu ZHO,CHN,6,18,Alfa Romeo Ferrari,2022
Alexander Albon ALB,THA,4,19,Williams Mercedes,2022
Nicholas Latifi LAT,CAN,2,20,Williams Mercedes,2022
Nyck De Vries DEV,NED,2,21,Williams Mercedes,2022
Nico Hulkenberg HUL,GER,0,22,Aston Martin Aramco Mercedes,2022
Max Verstappen VER,NED,575,1,Red Bull Racing Honda RBPT,2023
Sergio Perez PER,MEX,285,2,Red Bull Racing Honda RBPT,2023
Lewis Hamilton HAM,GBR,234,3,Mercedes,2023
Fernando Alonso ALO,ESP,206,4,Aston Martin Aramco Mercedes,2023
Charles Leclerc LEC,MON,206,5,Ferrari,2023
Lando Norris NOR,GBR,205,6,McLaren Mercedes,2023
Carlos Sainz SAI,ESP,200,7,Ferrari,2023
George Russell RUS,GBR,175,8,Mercedes,2023
Oscar Piastri PIA,AUS,97,9,McLaren Mercedes,2023
Lance Stroll STR,CAN,74,10,Aston Martin Aramco Mercedes,2023
Pierre Gasly GAS,FRA,62,11,Alpine Renault,2023
Esteban Ocon OCO,FRA,58,12,Alpine Renault,2023
Alexander Albon ALB,THA,27,13,Williams Mercedes,2023
Yuki Tsunoda TSU,JPN,17,14,AlphaTauri Honda RBPT,2023
Valtteri Bottas BOT,FIN,10,15,Alfa Romeo Ferrari,2023
Nico Hulkenberg HUL,GER,9,16,Haas Ferrari,2023
Daniel Ricciardo RIC,AUS,6,17,AlphaTauri Honda RBPT,2023
Zhou Guanyu ZHO,CHN,6,18,Alfa Romeo Ferrari,2023
Kevin Magnussen MAG,DEN,3,19,Haas Ferrari,2023
Liam Lawson LAW,NZL,2,20,AlphaTauri Honda RBPT,2023
Logan Sargeant SAR,USA,1,21,Williams Mercedes,2023
Nyck De Vries DEV,NED,0,22,AlphaTauri Honda RBPT,2023
Max Verstappen VER,NED,437,1,Red Bull Racing Honda RBPT,2024
Lando Norris NOR,GBR,374,2,McLaren Mercedes,2024
Charles Leclerc LEC,MON,356,3,Ferrari,2024
Oscar Piastri PIA,AUS,292,4,McLaren Mercedes,2024
Carlos Sainz SAI,ESP,290,5,Ferrari,2024
George Russell RUS,GBR,245,6,Mercedes,2024
Lewis Hamilton HAM,GBR,223,7,Mercedes,2024
Sergio Perez PER,MEX,152,8,Red Bull Racing Honda RBPT,2024
Fernando Alonso ALO,ESP,70,9,Aston Martin Aramco Mercedes,2024
Pierre Gasly GAS,FRA,42,10,Alpine Renault,2024
Nico Hulkenberg HUL,GER,41,11,Haas Ferrari,2024
Yuki Tsunoda TSU,JPN,30,12,RB Honda RBPT,2024
Lance Stroll STR,CAN,24,13,Aston Martin Aramco Mercedes,2024
Esteban Ocon OCO,FRA,23,14,Alpine Renault,2024
Kevin Magnussen MAG,DEN,16,15,Haas Ferrari,2024
Alexander Albon ALB,THA,12,16,Williams Mercedes,2024
Daniel Ricciardo RIC,AUS,12,17,RB Honda RBPT,2024
Oliver Bearman BEA,GBR,7,18,Haas Ferrari,2024
Franco Colapinto COL,ARG,5,19,Williams Mercedes,2024
Zhou Guanyu ZHO,CHN,4,20,Kick Sauber Ferrari,2024
Liam Lawson LAW,NZL,4,21,RB Honda RBPT,2024
Valtteri Bottas BOT,FIN,0,22,Kick Sauber Ferrari,2024
Logan Sargeant SAR,USA,0,23,Williams Mercedes,2024
Jack Doohan DOO,AUS,0,24,Alpine Renault,2024
Fernando Alonso ALO,ESP,134,1,Renault,2006
Michael Schumacher MSC,GER,121,2,Ferrari,2006
Felipe Massa MAS,BRA,80,3,Ferrari,2006
Giancarlo Fisichella FIS,ITA,72,4,Renault,2006
Kimi Räikkönen RAI,FIN,65,5,McLaren Mercedes,2006
Jenson Button BUT,GBR,56,6,Honda,2006
Rubens Barrichello BAR,BRA,30,7,Honda,2006
Juan Pablo Montoya MOY,COL,26,8,McLaren Mercedes,2006
Nick Heidfeld HEI,GER,23,9,Sauber BMW,2006
Ralf Schumacher RSC,GER,20,10,Toyota,2006
Pedro de la Rosa DLR,ESP,19,11,McLaren Mercedes,2006
Jarno Trulli TRU,ITA,15,12,Toyota,2006
David Coulthard COU,GBR,14,13,RBR Ferrari,2006
Mark Webber WEB,AUS,7,14,Williams Cosworth,2006
Jacques Villeneuve VIL,CAN,7,15,Sauber BMW,2006
Robert Kubica KUB,POL,6,16,Sauber BMW,2006
Nico Rosberg ROS,GER,4,17,Williams Cosworth,2006
Christian Klien KLI,AUT,2,18,RBR Ferrari,2006
Vitantonio Liuzzi LIU,ITA,1,19,STR Cosworth,2006
Scott Speed SPE,USA,0,20,STR Cosworth,2006
Tiago Monteiro MON,POR,0,21,MF1 Toyota,2006
Christijan Albers ALB,NED,0,22,MF1 Toyota,2006
Takuma Sato SAT,JPN,0,23,Super Aguri Honda,2006
Robert Doornbos DOO,NED,0,24,RBR Ferrari,2006
Yuji Ide IDE,JPN,0,25,Super Aguri Honda,2006
Sakon Yamamoto YAM,JPN,0,26,Super Aguri Honda,2006
Franck Montagny MON,FRA,0,27,Super Aguri Honda,2006
Kimi Räikkönen RAI,FIN,110,1,Ferrari,2007
Lewis Hamilton HAM,GBR,109,2,McLaren Mercedes,2007
Fernando Alonso ALO,ESP,109,3,McLaren Mercedes,2007
Felipe Massa MAS,BRA,94,4,Ferrari,2007
Nick Heidfeld HEI,GER,61,5,Sauber BMW,2007
Robert Kubica KUB,POL,39,6,Sauber BMW,2007
Heikki Kovalainen KOV,FIN,30,7,Renault,2007
Giancarlo Fisichella FIS,ITA,21,8,Renault,2007
Nico Rosberg ROS,GER,20,9,Williams Toyota,2007
David Coulthard COU,GBR,14,10,Red Bull Renault,2007
Alexander Wurz WUR,AUT,13,11,Williams Toyota,2007
Mark Webber WEB,AUS,10,12,Red Bull Renault,2007
Jarno Trulli TRU,ITA,8,13,Toyota,2007
Sebastian Vettel VET,GER,6,14,STR Ferrari,2007
Jenson Button BUT,GBR,6,15,Honda,2007
Ralf Schumacher RSC,GER,5,16,Toyota,2007
Takuma Sato SAT,JPN,4,17,Super Aguri Honda,2007
Vitantonio Liuzzi LIU,ITA,3,18,STR Ferrari,2007
Adrian Sutil SUT,GER,1,19,Spyker Ferrari,2007
Rubens Barrichello BAR,BRA,0,20,Honda,2007
Scott Speed SPE,USA,0,21,STR Ferrari,2007
Kazuki Nakajima NAK,JPN,0,22,Williams Toyota,2007
Anthony Davidson DAV,GBR,0,23,Super Aguri Honda,2007
Sakon Yamamoto YAM,JPN,0,24,Spyker Ferrari,2007
Christijan Albers ALB,NED,0,25,Spyker Ferrari,2007
Lewis Hamilton HAM,GBR,98,1,McLaren Mercedes,2008
Felipe Massa MAS,BRA,97,2,Ferrari,2008
Kimi Räikkönen RAI,FIN,75,3,Ferrari,2008
Robert Kubica KUB,POL,75,4,Sauber BMW,2008
Fernando Alonso ALO,ESP,61,5,Renault,2008
Nick Heidfeld HEI,GER,60,6,Sauber BMW,2008
Heikki Kovalainen KOV,FIN,53,7,McLaren Mercedes,2008
Sebastian Vettel VET,GER,35,8,STR Ferrari,2008
Jarno Trulli TRU,ITA,31,9,Toyota,2008
Timo Glock GLO,GER,25,10,Toyota,2008
Mark Webber WEB,AUS,21,11,Red Bull Renault,2008
Nelson Piquet PIQ,BRA,19,12,Renault,2008
Nico Rosberg ROS,GER,17,13,Williams Toyota,2008
Rubens Barrichello BAR,BRA,11,14,Honda,2008
Kazuki Nakajima NAK,JPN,9,15,Williams Toyota,2008
David Coulthard COU,GBR,8,16,Red Bull Renault,2008
Sebastien Bourdais BOU,FRA,4,17,STR Ferrari,2008
Jenson Button BUT,GBR,3,18,Honda,2008
Giancarlo Fisichella FIS,ITA,0,19,Force India Ferrari,2008
Adrian Sutil SUT,GER,0,20,Force India Ferrari,2008
Takuma Sato SAT,JPN,0,21,Super Aguri Honda,2008
Anthony Davidson DAV,GBR,0,22,Super Aguri Honda,2008
Jenson Button BUT,GBR,95,1,Brawn Mercedes,2009
Sebastian Vettel VET,GER,84,2,RBR Renault,2009
Rubens Barrichello BAR,BRA,77,3,Brawn Mercedes,2009
Mark Webber WEB,AUS,69.5,4,RBR Renault,2009
Lewis Hamilton HAM,GBR,49,5,McLaren Mercedes,2009
Kimi Räikkönen RAI,FIN,48,6,Ferrari,2009
Nico Rosberg ROS,GER,34.5,7,Williams Toyota,2009
Jarno Trulli TRU,ITA,32.5,8,Toyota,2009
Fernando Alonso ALO,ESP,26,9,Renault,2009
Timo Glock GLO,GER,24,10,Toyota,2009
Felipe Massa MAS,BRA,22,11,Ferrari,2009
Heikki Kovalainen KOV,FIN,22,12,McLaren Mercedes,2009
Nick Heidfeld HEI,GER,19,13,Sauber BMW,2009
Robert Kubica KUB,POL,17,14,Sauber BMW,2009
Giancarlo Fisichella FIS,ITA,8,15,Ferrari,2009
Sebastien Buemi BUE,SUI,6,16,STR Ferrari,2009
Adrian Sutil SUT,GER,5,17,Force India Mercedes,2009
Kamui Kobayashi KOB,JPN,3,18,Toyota,2009
Sebastien Bourdais BOU,FRA,2,19,STR Ferrari,2009
Kazuki Nakajima NAK,JPN,0,20,Williams Toyota,2009
Nelson Piquet PIQ,BRA,0,21,Renault,2009
Vitantonio Liuzzi LIU,ITA,0,22,Force India Mercedes,2009
Romain Grosjean GRO,FRA,0,23,Renault,2009
Jaime Alguersuari ALG,ESP,0,24,STR Ferrari,2009
Luca Badoer BAD,ITA,0,25,Ferrari,2009
Sebastian Vettel VET,GER,256,1,RBR Renault,2010
Fernando Alonso ALO,ESP,252,2,Ferrari,2010
Mark Webber WEB,AUS,242,3,RBR Renault,2010
Lewis Hamilton HAM,GBR,240,4,McLaren Mercedes,2010
Jenson Button BUT,GBR,214,5,McLaren Mercedes,2010
Felipe Massa MAS,BRA,144,6,Ferrari,2010
Nico Rosberg ROS,GER,142,7,Mercedes,2010
Robert Kubica KUB,POL,136,8,Renault,2010
Michael Schumacher MSC,GER,72,9,Mercedes,2010
Rubens Barrichello BAR,BRA,47,10,Williams Cosworth,2010
Adrian Sutil SUT,GER,47,11,Force India Mercedes,2010
Kamui Kobayashi KOB,JPN,32,12,Sauber Ferrari,2010
Vitaly Petrov PET,RUS,27,13,Renault,2010
Nico Hulkenberg HUL,GER,22,14,Williams Cosworth,2010
Vitantonio Liuzzi LIU,ITA,21,15,Force India Mercedes,2010
Sebastien Buemi BUE,SUI,8,16,STR Ferrari,2010
Pedro de la Rosa DLR,ESP,6,17,Sauber Ferrari,2010
Nick Heidfeld HEI,GER,6,18,Sauber Ferrari,2010
Jaime Alguersuari ALG,ESP,5,19,STR Ferrari,2010
Heikki Kovalainen KOV,FIN,0,20,Lotus Cosworth,2010
Jarno Trulli TRU,ITA,0,21,Lotus Cosworth,2010
Karun Chandhok CHD,IND,0,22,HRT Cosworth,2010
Bruno Senna SEN,BRA,0,23,HRT Cosworth,2010
Lucas di Grassi DIG,BRA,0,24,Virgin Cosworth,2010
Timo Glock GLO,GER,0,25,Virgin Cosworth,2010
Sakon Yamamoto YAM,JPN,0,26,HRT Cosworth,2010
Christian Klien KLI,AUT,0,27,HRT Cosworth,2010
Sebastian Vettel VET,GER,392,1,Red Bull Racing Renault,2011
Jenson Button BUT,GBR,270,2,McLaren Mercedes,2011
Mark Webber WEB,AUS,258,3,Red Bull Racing Renault,2011
Fernando Alonso ALO,ESP,257,4,Ferrari,2011
Lewis Hamilton HAM,GBR,227,5,McLaren Mercedes,2011
Felipe Massa MAS,BRA,118,6,Ferrari,2011
Nico Rosberg ROS,GER,89,7,Mercedes,2011
Michael Schumacher MSC,GER,76,8,Mercedes,2011
Adrian Sutil SUT,GER,42,9,Force India Mercedes,2011
Vitaly Petrov PET,RUS,37,10,Renault,2011
Nick Heidfeld HEI,GER,34,11,Renault,2011
Kamui Kobayashi KOB,JPN,30,12,Sauber Ferrari,2011
Paul di Resta DIR,GBR,27,13,Force India Mercedes,2011
Jaime Alguersuari ALG,ESP,26,14,STR Ferrari,2011
Sebastien Buemi BUE,SUI,15,15,STR Ferrari,2011
Sergio Perez PER,MEX,14,16,Sauber Ferrari,2011
Rubens Barrichello BAR,BRA,4,17,Williams Cosworth,2011
Bruno Senna SEN,BRA,2,18,Renault,2011
Pastor Maldonado MAL,VEN,1,19,Williams Cosworth,2011
Pedro de la Rosa DLR,ESP,0,20,Sauber Ferrari,2011
Jarno Trulli TRU,ITA,0,21,Lotus Renault,2011
Heikki Kovalainen KOV,FIN,0,22,Lotus Renault,2011
Vitantonio Liuzzi LIU,ITA,0,23,HRT Cosworth,2011
Jerome d'Ambrosio DAM,BEL,0,24,Virgin Cosworth,2011
Timo Glock GLO,GER,0,25,Virgin Cosworth,2011
Narain Karthikeyan KAR,IND,0,26,HRT Cosworth,2011
Daniel Ricciardo RIC,AUS,0,27,HRT Cosworth,2011
Karun Chandhok CHD,IND,0,28,Lotus Renault,2011
Sebastian Vettel VET,GER,281,1,Red Bull Racing Renault,2012
Fernando Alonso ALO,ESP,278,2,Ferrari,2012
Kimi Räikkönen RAI,FIN,207,3,Lotus Renault,2012
Lewis Hamilton HAM,GBR,190,4,McLaren Mercedes,2012
Jenson Button BUT,GBR,188,5,McLaren Mercedes,2012
Mark Webber WEB,AUS,179,6,Red Bull Racing Renault,2012
Felipe Massa MAS,BRA,122,7,Ferrari,2012
Romain Grosjean GRO,FRA,96,8,Lotus Renault,2012
Nico Rosberg ROS,GER,93,9,Mercedes,2012
Sergio Perez PER,MEX,66,10,Sauber Ferrari,2012
Nico Hulkenberg HUL,GER,63,11,Force India Mercedes,2012
Kamui Kobayashi KOB,JPN,60,12,Sauber Ferrari,2012
Michael Schumacher MSC,GER,49,13,Mercedes,2012
Paul di Resta DIR,GBR,46,14,Force India Mercedes,2012
Pastor Maldonado MAL,VEN,45,15,Williams Renault,2012
Bruno Senna SEN,BRA,31,16,Williams Renault,2012
Jean-Eric Vergne VER,FRA,16,17,STR Ferrari,2012
Daniel Ricciardo RIC,AUS,10,18,STR Ferrari,2012
Vitaly Petrov PET,RUS,0,19,Caterham Renault,2012
Timo Glock GLO,GER,0,20,Marussia Cosworth,2012
Charles Pic PIC,FRA,0,21,Marussia Cosworth,2012
Heikki Kovalainen KOV,FIN,0,22,Caterham Renault,2012
Jerome d'Ambrosio DAM,BEL,0,23,Lotus Renault,2012
Narain Karthikeyan KAR,IND,0,24,HRT Cosworth,2012
Pedro de la Rosa DLR,ESP,0,25,HRT Cosworth,2012
Sebastian Vettel VET,GER,397,1,Red Bull Racing Renault,2013
Fernando Alonso ALO,ESP,242,2,Ferrari,2013
Mark Webber WEB,AUS,199,3,Red Bull Racing Renault,2013
Lewis Hamilton HAM,GBR,189,4,Mercedes,2013
Kimi Räikkönen RAI,FIN,183,5,Lotus Renault,2013
Nico Rosberg ROS,GER,171,6,Mercedes,2013
Romain Grosjean GRO,FRA,132,7,Lotus Renault,2013
Felipe Massa MAS,BRA,112,8,Ferrari,2013
Jenson Button BUT,GBR,73,9,McLaren Mercedes,2013
Nico Hulkenberg HUL,GER,51,10,Sauber Ferrari,2013
Sergio Perez PER,MEX,49,11,McLaren Mercedes,2013
Paul di Resta DIR,GBR,48,12,Force India Mercedes,2013
Adrian Sutil SUT,GER,29,13,Force India Mercedes,2013
Daniel Ricciardo RIC,AUS,20,14,STR Ferrari,2013
Jean-Eric Vergne VER,FRA,13,15,STR Ferrari,2013
Esteban Gutierrez GUT,MEX,6,16,Sauber Ferrari,2013
Valtteri Bottas BOT,FIN,4,17,Williams Renault,2013
Pastor Maldonado MAL,VEN,1,18,Williams Renault,2013
Jules Bianchi BIA,FRA,0,19,Marussia Cosworth,2013
Charles Pic PIC,FRA,0,20,Caterham Renault,2013
Heikki Kovalainen KOV,FIN,0,21,Lotus Renault,2013
Giedo van der Garde VDG,NED,0,22,Caterham Renault,2013
Max Chilton CHI,GBR,0,23,Marussia Cosworth,2013
Lewis Hamilton HAM,GBR,384,1,Mercedes,2014
Nico Rosberg ROS,GER,317,2,Mercedes,2014
Daniel Ricciardo RIC,AUS,238,3,Red Bull Racing Renault,2014
Valtteri Bottas BOT,FIN,186,4,Williams Mercedes,2014
Sebastian Vettel VET,GER,167,5,Red Bull Racing Renault,2014
Fernando Alonso ALO,ESP,161,6,Ferrari,2014
Felipe Massa MAS,BRA,134,7,Williams Mercedes,2014
Jenson Button BUT,GBR,126,8,McLaren Mercedes,2014
Nico Hulkenberg HUL,GER,96,9,Force India Mercedes,2014
Sergio Perez PER,MEX,59,10,Force India Mercedes,2014
Kevin Magnussen MAG,DEN,55,11,McLaren Mercedes,2014
Kimi Räikkönen RAI,FIN,55,12,Ferrari,2014
Jean-Eric Vergne VER,FRA,22,13,STR Renault,2014
Romain Grosjean GRO,FRA,8,14,Lotus Renault,2014
Daniil Kvyat KVY,RUS,8,15,STR Renault,2014
Pastor Maldonado MAL,VEN,2,16,Lotus Renault,2014
Jules Bianchi BIA,FRA,2,17,Marussia Ferrari,2014
Adrian Sutil SUT,GER,0,18,Sauber Ferrari,2014
Marcus Ericsson ERI,SWE,0,19,Caterham Renault,2014
Esteban Gutierrez GUT,MEX,0,20,Sauber Ferrari,2014
Max Chilton CHI,GBR,0,21,Marussia Ferrari,2014
Kamui Kobayashi KOB,JPN,0,22,Caterham Renault,2014
Will Stevens STE,GBR,0,23,Caterham Renault,2014
Lewis Hamilton HAM,GBR,381,1,Mercedes,2015
Nico Rosberg ROS,GER,322,2,Mercedes,2015
Sebastian Vettel VET,GER,278,3,Ferrari,2015
Kimi Räikkönen RAI,FIN,150,4,Ferrari,2015
Valtteri Bottas BOT,FIN,136,5,Williams Mercedes,2015
Felipe Massa MAS,BRA,121,6,Williams Mercedes,2015
Daniil Kvyat KVY,RUS,95,7,Red Bull Racing Renault,2015
Daniel Ricciardo RIC,AUS,92,8,Red Bull Racing Renault,2015
Sergio Perez PER,MEX,78,9,Force India Mercedes,2015
Nico Hulkenberg HUL,GER,58,10,Force India Mercedes,2015
Romain Grosjean GRO,FRA,51,11,Lotus Mercedes,2015
Max Verstappen VER,NED,49,12,STR Renault,2015
Felipe Nasr NAS,BRA,27,13,Sauber Ferrari,2015
Pastor Maldonado MAL,VEN,27,14,Lotus Mercedes,2015
Carlos Sainz SAI,ESP,18,15,STR Renault,2015
Jenson Button BUT,GBR,16,16,McLaren Honda,2015
Fernando Alonso ALO,ESP,11,17,McLaren Honda,2015
Marcus Ericsson ERI,SWE,9,18,Sauber Ferrari,2015
Roberto Merhi MER,ESP,0,19,Marussia Ferrari,2015
Alexander Rossi RSI,USA,0,20,Marussia Ferrari,2015
Will Stevens STE,GBR,0,21,Marussia Ferrari,2015
Nico Rosberg ROS,GER,385,1,Mercedes,2016
Lewis Hamilton HAM,GBR,380,2,Mercedes,2016
Daniel Ricciardo RIC,AUS,256,3,Red Bull Racing TAG Heuer,2016
Sebastian Vettel VET,GER,212,4,Ferrari,2016
Max Verstappen VER,NED,204,5,Red Bull Racing TAG Heuer,2016
Kimi Räikkönen RAI,FIN,186,6,Ferrari,2016
Sergio Perez PER,MEX,101,7,Force India Mercedes,2016
Valtteri Bottas BOT,FIN,85,8,Williams Mercedes,2016
Nico Hulkenberg HUL,GER,72,9,Force India Mercedes,2016
Fernando Alonso ALO,ESP,54,10,McLaren Honda,2016
Felipe Massa MAS,BRA,53,11,Williams Mercedes,2016
Carlos Sainz SAI,ESP,46,12,Toro Rosso Ferrari,2016
Romain Grosjean GRO,FRA,29,13,Haas Ferrari,2016
Daniil Kvyat KVY,RUS,25,14,Toro Rosso Ferrari,2016
Jenson Button BUT,GBR,21,15,McLaren Honda,2016
Kevin Magnussen MAG,DEN,7,16,Renault,2016
Felipe Nasr NAS,BRA,2,17,Sauber Ferrari,2016
Jolyon Palmer PAL,GBR,1,18,Renault,2016
Pascal Wehrlein WEH,GER,1,19,MRT Mercedes,2016
Stoffel Vandoorne VAN,BEL,1,20,McLaren Honda,2016
Esteban Gutierrez GUT,MEX,0,21,Haas Ferrari,2016
Marcus Ericsson ERI,SWE,0,22,Sauber Ferrari,2016
Esteban Ocon OCO,FRA,0,23,MRT Mercedes,2016
Rio Haryanto HAR,INA,0,24,MRT Mercedes,2016
Nino Farina FAR,ITA,30,1,Alfa Romeo,1950
Juan Manuel Fangio FAN,ARG,27,2,Alfa Romeo,1950
Luigi Fagioli FAG,ITA,24,3,Alfa Romeo,1950
Louis Rosier ROS,FRA,13,4,Talbot-Lago,1950
Johnnie Parsons PAR,USA,9,6,Kurtis Kraft Offenhauser,1950
Bill Holland HOL,USA,6,7,Deidt Offenhauser,1950
Prince Bira BIR,THA,5,8,Maserati,1950
Reg Parnell PAR,GBR,4,9,Maserati,1950
Louis Chiron CHI,MON,4,9,Maserati,1950
Mauri Rose ROS,USA,4,9,Deidt Offenhauser,1950
Peter Whitehead WHI,GBR,4,9,Ferrari,1950
Yves Giraud-Cabantous GIR,FRA,3,13,Talbot-Lago,1950
Raymond Sommer SOM,FRA,3,13,Talbot-Lago,1950
Cecil Green GRE,USA,3,13,Kurtis Kraft Offenhauser,1950
Robert Manzon MAN,FRA,3,13,Simca-Gordini,1950
Felice Bonetto BON,ITA,2,19,Milano Speluzzi,1950
Tony Bettenhausen BET,USA,1,20,Deidt Offenhauser,1950
Joie Chitwood CHI,USA,1,20,Kurtis Kraft Offenhauser,1950
Juan Manuel Fangio FAN,ARG,31,1,Alfa Romeo,1951
Alberto Ascari ASC,ITA,25,2,Ferrari,1951
Nino Farina FAR,ITA,19,4,Alfa Romeo,1951
Luigi Villoresi VIL,ITA,15,5,Ferrari,1951
Piero Taruffi TAR,ITA,10,6,Ferrari,1951
Lee Wallard WAL,USA,9,7,Kurtis Kraft Offenhauser,1951
Felice Bonetto BON,ITA,7,8,Alfa Romeo,1951
Mike Nazaruk NAZ,USA,6,9,Kurtis Kraft Offenhauser,1951
Reg Parnell PAR,GBR,5,10,BRM,1951
Luigi Fagioli FAG,ITA,4,11,Alfa Romeo,1951
Consalvo Sanesi SAN,ITA,3,12,Alfa Romeo,1951
Andy Linden LIN,USA,3,12,Sherman Offenhauser,1951
Toulo de Graffenried DEG,SUI,2,15,Alfa Romeo,1951
Manny Ayulo AYU,USA,2,15,Kurtis Kraft Offenhauser,1951
Bobby Ball BAL,USA,2,15,Schroeder Offenhauser,1951
Jack McGrath MCG,USA,2,15,Kurtis Kraft Offenhauser,1951
Alberto Ascari ASC,ITA,36,1,Ferrari,1952
Nino Farina FAR,ITA,24,2,Ferrari,1952
Piero Taruffi TAR,ITA,22,3,Ferrari,1952
Rudi Fischer FIS,SUI,10,4,Ferrari,1952
Mike Hawthorn HAW,GBR,10,4,Cooper Bristol,1952
Robert Manzon MAN,FRA,9,6,Gordini,1952
Troy Ruttman RUT,USA,8,7,Kuzma Offenhauser,1952
Luigi Villoresi VIL,ITA,8,7,Ferrari,1952
Jose Froilan Gonzalez GON,ARG,6.5,9,Maserati,1952
Jim Rathmann RAT,USA,6,10,Kurtis Kraft Offenhauser,1952
Jean Behra BEH,FRA,6,10,Gordini,1952
Sam Hanks HAN,USA,4,12,Kurtis Kraft Offenhauser,1952
Duane Carter CAR,USA,3,13,Lesovsky Offenhauser,1952
Dennis Poore POO,GBR,3,13,Connaught Lea Francis,1952
Alan Brown BRO,GBR,2,16,Cooper Bristol,1952
Art Cross CRO,USA,2,16,Kurtis Kraft Offenhauser,1952
Paul Frere FRE,BEL,2,16,Simca-Gordini,1952
Maurice Trintignant TRI,FRA,2,16,Gordini,1952
Eric Thompson THO,GBR,2,16,Connaught Lea Francis,1952
Felice Bonetto BON,ITA,2,16,Maserati,1952
Bill Vukovich VUK,USA,1,22,Kurtis Kraft Offenhauser,1952
Alberto Ascari ASC,ITA,34.5,1,Ferrari,1953
Juan Manuel Fangio FAN,ARG,27.5,2,Maserati,1953
Nino Farina FAR,ITA,26,3,Ferrari,1953
Mike Hawthorn HAW,GBR,19,4,Ferrari,1953
Luigi Villoresi VIL,ITA,17,5,Ferrari,1953
Jose Froilan Gonzalez GON,ARG,13.5,6,Maserati,1953
Bill Vukovich VUK,USA,9,7,Kurtis Kraft Offenhauser,1953
Toulo de Graffenried DEG,SUI,7,8,Maserati,1953
Felice Bonetto BON,ITA,6.5,9,Maserati,1953
Art Cross CRO,USA,6,10,Kurtis Kraft Offenhauser,1953
Onofre Marimon MAR,ARG,4,11,Maserati,1953
Maurice Trintignant TRI,FRA,4,11,Gordini,1953
Oscar Alfredo Galvez GAL,ARG,2,13,Maserati,1953
Sam Hanks HAN,USA,2,13,Kurtis Kraft Offenhauser,1953
Duane Carter CAR,USA,2,13,Kurtis Kraft Offenhauser,1953
Jack McGrath MCG,USA,2,13,Kurtis Kraft Offenhauser,1953
Hermann Lang LAN,GER,2,13,Maserati,1953
Fred Agabashian AGA,USA,1.5,18,Kurtis Kraft Offenhauser,1953
Paul Russo RUS,USA,1.5,18,Kurtis Kraft Offenhauser,1953
Juan Manuel Fangio FAN,ARG,42,1,Mercedes-Benz,1954
Jose Froilan Gonzalez GON,ARG,25.1,2,Ferrari,1954
Mike Hawthorn HAW,GBR,24.6,3,Ferrari,1954
Maurice Trintignant TRI,FRA,17,4,Ferrari,1954
Karl Kling KLI,GER,12,5,Mercedes-Benz,1954
Bill Vukovich VUK,USA,8,6,Kurtis Kraft Offenhauser,1954
Hans Herrmann HER,GER,8,6,Mercedes-Benz,1954
Nino Farina FAR,ITA,6,8,Ferrari,1954
Jimmy Bryan BRY,USA,6,8,Kuzma Offenhauser,1954
Luigi Musso MUS,ITA,6,8,Maserati,1954
Roberto Mieres MIE,ARG,6,8,Maserati,1954
Jack McGrath MCG,USA,5,12,Kurtis Kraft Offenhauser,1954
Stirling Moss MOS,GBR,4.1,13,Maserati,1954
Onofre Marimon MAR,ARG,4.1,13,Maserati,1954
Robert Manzon MAN,FRA,4,15,Ferrari,1954
Sergio Mantovani MAN,ITA,4,15,Maserati,1954
Prince Bira BIR,THA,3,17,Maserati,1954
Elie Bayol BAY,FRA,2,18,Gordini,1954
Mike Nazaruk NAZ,USA,2,18,Kurtis Kraft Offenhauser,1954
Andre Pilette PIL,BEL,2,18,Gordini,1954
Luigi Villoresi VIL,ITA,2,18,Lancia,1954
Umberto Maglioli MAG,ITA,2,18,Ferrari,1954
Troy Ruttman RUT,USA,1.5,23,Kurtis Kraft Offenhauser,1954
Duane Carter CAR,USA,1.5,23,Kurtis Kraft Offenhauser,1954
Alberto Ascari ASC,ITA,1.1,25,Lancia,1954
Jean Behra BEH,FRA,0.1,26,Gordini,1954
Juan Manuel Fangio FAN,ARG,40,1,Mercedes-Benz,1955
Stirling Moss MOS,GBR,23,2,Mercedes-Benz,1955
Eugenio Castellotti CAS,ITA,12,3,Ferrari,1955
Maurice Trintignant TRI,FRA,11.3,4,Ferrari,1955
Nino Farina FAR,ITA,10.3,5,Ferrari,1955
Piero Taruffi TAR,ITA,9,6,Mercedes-Benz,1955
Bob Sweikert SWE,USA,8,7,Kurtis Kraft Offenhauser,1955
Roberto Mieres MIE,ARG,7,8,Maserati,1955
Luigi Musso MUS,ITA,6,9,Maserati,1955
Jean Behra BEH,FRA,6,9,Maserati,1955
Karl Kling KLI,GER,5,11,Mercedes-Benz,1955
Jimmy Davies DAV,USA,4,12,Kurtis Kraft Offenhauser,1955
Paul Russo RUS,USA,3,13,Kurtis Kraft Offenhauser,1955
Tony Bettenhausen BET,USA,3,13,Kurtis Kraft Offenhauser,1955
Johnny Thomson THO,USA,3,13,Kuzma Offenhauser,1955
Paul Frere FRE,BEL,3,13,Ferrari,1955
Jose Froilan Gonzalez GON,ARG,2,17,Ferrari,1955
Cesare Perdisa PER,ITA,2,17,Maserati,1955
Luigi Villoresi VIL,ITA,2,17,Lancia,1955
Carlos Menditeguy MEN,ARG,2,17,Maserati,1955
Umberto Maglioli MAG,ITA,1.3,21,Ferrari,1955
Hans Herrmann HER,GER,1,22,Mercedes-Benz,1955
Walt Faulkner FAU,USA,1,22,Kurtis Kraft Offenhauser,1955
Bill Homeier HOM,USA,1,22,Kurtis Kraft Offenhauser,1955
Bill Vukovich VUK,USA,1,22,Kurtis Kraft Offenhauser,1955
Juan Manuel Fangio FAN,ARG,30,1,Ferrari,1956
Stirling Moss MOS,GBR,27,2,Maserati,1956
Peter Collins COL,GBR,25,3,Ferrari,1956
Jean Behra BEH,FRA,22,4,Maserati,1956
Pat Flaherty FLA,USA,8,5,Watson Offenhauser,1956
Eugenio Castellotti CAS,ITA,7.5,6,Ferrari,1956
Sam Hanks HAN,USA,6,7,Kurtis Kraft Offenhauser,1956
Paul Frere FRE,BEL,6,7,Ferrari,1956
Paco Godia GOD,ESP,6,7,Maserati,1956
Jack Fairman FAI,GBR,5,10,Connaught Alta,1956
Mike Hawthorn HAW,GBR,4,11,BRM,1956
Luigi Musso MUS,ITA,4,11,Ferrari,1956
Don Freeland FRE,USA,4,11,Phillips Offenhauser,1956
Ron Flockhart FLO,GBR,4,11,Connaught Alta,1956
Johnnie Parsons PAR,USA,3,15,Kuzma Offenhauser,1956
Harry Schell SCH,USA,3,15,Vanwall,1956
Alfonso de Portago DEP,ESP,3,15,Ferrari,1956
Cesare Perdisa PER,ITA,3,15,Maserati,1956
Olivier Gendebien GEN,BEL,2,19,Ferrari,1956
Hermano da Silva Ramos DAS,BRA,2,19,Gordini,1956
Dick Rathmann RAT,USA,2,19,Kurtis Kraft Offenhauser,1956
Luigi Villoresi VIL,ITA,2,19,Maserati,1956
Horace Gould GOU,GBR,2,19,Maserati,1956
Louis Rosier ROS,FRA,2,19,Maserati,1956
Gerino Gerini GER,ITA,1.5,25,Maserati,1956
Chico Landi LAN,BRA,1.5,25,Maserati,1956
Paul Russo RUS,USA,1,27,Kurtis Kraft Novi,1956
Juan Manuel Fangio FAN,ARG,40,1,Maserati,1957
Stirling Moss MOS,GBR,25,2,Vanwall,1957
Luigi Musso MUS,ITA,16,3,Ferrari,1957
Mike Hawthorn HAW,GBR,13,4,Ferrari,1957
Tony Brooks BRO,GBR,11,5,Vanwall,1957
Masten Gregory GRE,USA,10,6,Maserati,1957
Harry Schell SCH,USA,10,6,Maserati,1957
Sam Hanks HAN,USA,8,8,Epperly Offenhauser,1957
Peter Collins COL,GBR,8,8,Ferrari,1957
Jim Rathmann RAT,USA,7,10,Epperly Offenhauser,1957
Jean Behra BEH,FRA,6,11,Maserati,1957
Stuart Lewis-Evans LEW,GBR,5,12,Vanwall,1957
Maurice Trintignant TRI,FRA,5,12,Ferrari,1957
Carlos Menditeguy MEN,ARG,4,14,Maserati,1957
Jimmy Bryan BRY,USA,4,14,Kuzma Offenhauser,1957
Wolfgang von Trips VON,GER,4,14,Ferrari,1957
Paul Russo RUS,USA,3,17,Kurtis Kraft Novi,1957
Andy Linden LIN,USA,2,18,Kurtis Kraft Offenhauser,1957
Roy Salvadori SAL,GBR,2,18,Cooper Climax,1957
Alfonso de Portago DEP,ESP,1,20,Ferrari,1957
Jose Froilan Gonzalez GON,ARG,1,20,Ferrari,1957
Giorgio Scarlatti SCA,ITA,1,20,Maserati,1957
Mike Hawthorn HAW,GBR,42,1,Ferrari,1958
Stirling Moss MOS,GBR,41,2,Vanwall,1958
Tony Brooks BRO,GBR,24,3,Vanwall,1958
Roy Salvadori SAL,GBR,15,4,Cooper Climax,1958
Peter Collins COL,GBR,14,5,Ferrari,1958
Harry Schell SCH,USA,14,5,BRM,1958
Maurice Trintignant TRI,FRA,12,7,Cooper Climax,1958
Luigi Musso MUS,ITA,12,7,Ferrari,1958
Stuart Lewis-Evans LEW,GBR,11,9,Vanwall,1958
Phil Hill HIL,USA,9,10,Ferrari,1958
Jean Behra BEH,FRA,9,10,BRM,1958
Wolfgang von Trips VON,GER,9,10,Ferrari,1958
Jimmy Bryan BRY,USA,8,13,Epperly Offenhauser,1958
Juan Manuel Fangio FAN,ARG,7,14,Maserati,1958
George Amick AMI,USA,6,15,Epperly Offenhauser,1958
Tony Bettenhausen BET,USA,4,16,Epperly Offenhauser,1958
Johnny Boyd BOY,USA,4,16,Kurtis Kraft Offenhauser,1958
Jack Brabham BRA,AUS,3,18,Cooper Climax,1958
Cliff Allison ALL,GBR,3,18,Lotus Climax,1958
Jo Bonnier BON,SWE,3,18,BRM,1958
Jim Rathmann RAT,USA,2,21,Epperly Offenhauser,1958
Jack Brabham BRA,AUS,31,1,Cooper Climax,1959
Tony Brooks BRO,GBR,27,2,Ferrari,1959
Stirling Moss MOS,GBR,25.5,3,Cooper Climax,1959
Phil Hill HIL,USA,20,4,Ferrari,1959
Maurice Trintignant TRI,FRA,19,5,Cooper Climax,1959
Bruce McLaren MCL,NZL,16.5,6,Cooper Climax,1959
Dan Gurney GUR,USA,13,7,Ferrari,1959
Jo Bonnier BON,SWE,10,8,BRM,1959
Masten Gregory GRE,USA,10,8,Cooper Climax,1959
Rodger Ward WAR,USA,8,10,Kurtis Kraft Offenhauser,1959
Jim Rathmann RAT,USA,6,11,Watson Offenhauser,1959
Johnny Thomson THO,USA,5,12,Lesovsky Offenhauser,1959
Innes Ireland IRE,GBR,5,12,Lotus Climax,1959
Harry Schell SCH,USA,5,12,Cooper Climax,1959
Tony Bettenhausen BET,USA,3,15,Epperly Offenhauser,1959
Olivier Gendebien GEN,BEL,3,15,Ferrari,1959
Paul Goldsmith GOL,USA,2,17,Epperly Offenhauser,1959
Jean Behra BEH,FRA,2,17,Ferrari,1959
Cliff Allison ALL,GBR,2,17,Ferrari,1959
Jack Brabham BRA,AUS,43,1,Cooper Climax,1960
Bruce McLaren MCL,NZL,34,2,Cooper Climax,1960
Stirling Moss MOS,GBR,19,3,Lotus Climax,1960
Innes Ireland IRE,GBR,18,4,Lotus Climax,1960
Phil Hill HIL,USA,16,5,Cooper Climax,1960
Olivier Gendebien GEN,BEL,10,6,Cooper Climax,1960
Wolfgang von Trips VON,GER,10,6,Cooper Maserati,1960
Jim Rathmann RAT,USA,8,8,Watson Offenhauser,1960
Richie Ginther GIN,USA,8,8,Ferrari,1960
Jim Clark CLA,GBR,8,8,Lotus Climax,1960
Tony Brooks BRO,GBR,7,11,Cooper Climax,1960
Cliff Allison ALL,GBR,6,12,Ferrari,1960
Rodger Ward WAR,USA,6,12,Watson Offenhauser,1960
John Surtees SUR,GBR,6,12,Lotus Climax,1960
Paul Goldsmith GOL,USA,4,15,Epperly Offenhauser,1960
Graham Hill HIL,GBR,4,15,BRM,1960
Willy Mairesse MAI,BEL,4,15,Ferrari,1960
Jo Bonnier BON,SWE,4,15,BRM,1960
Carlos Menditeguy MEN,ARG,3,19,Cooper Maserati,1960
Don Branson BRA,USA,3,19,Phillips Offenhauser,1960
Henry Taylor TAY,GBR,3,19,Cooper Climax,1960
Giulio Cabianca CAB,ITA,3,19,Cooper Castellotti,1960
Johnny Thomson THO,USA,2,23,Lesovsky Offenhauser,1960
Eddie Johnson JOH,USA,1,24,Trevis Offenhauser,1960
Lucien Bianchi BIA,BEL,1,24,Cooper Climax,1960
Ron Flockhart FLO,GBR,1,24,Cooper Climax,1960
Hans Herrmann HER,GER,1,24,Porsche,1960
Phil Hill HIL,USA,34,1,Ferrari,1961
Wolfgang von Trips VON,GER,33,2,Ferrari,1961
Stirling Moss MOS,GBR,21,3,Lotus Climax,1961
Dan Gurney GUR,USA,21,3,Porsche,1961
Richie Ginther GIN,USA,16,5,Ferrari,1961
Innes Ireland IRE,GBR,12,6,Lotus Climax,1961
Jim Clark CLA,GBR,11,7,Lotus Climax,1961
Bruce McLaren MCL,NZL,11,7,Cooper Climax,1961
Giancarlo Baghetti BAG,ITA,9,9,Ferrari,1961
Tony Brooks BRO,GBR,6,10,BRM Climax,1961
Jack Brabham BRA,AUS,4,11,Cooper Climax,1961
John Surtees SUR,GBR,4,11,Cooper Climax,1961
Olivier Gendebien GEN,BEL,3,13,Lotus Climax,1961
Jackie Lewis LEW,GBR,3,13,Cooper Climax,1961
Jo Bonnier BON,SWE,3,13,Porsche,1961
Graham Hill HIL,GBR,3,13,BRM Climax,1961
Roy Salvadori SAL,GBR,2,17,Cooper Climax,1961
Graham Hill HIL,GBR,42,1,BRM,1962
Jim Clark CLA,GBR,30,2,Lotus Climax,1962
Bruce McLaren MCL,NZL,27,3,Cooper Climax,1962
John Surtees SUR,GBR,19,4,Lola Climax,1962
Dan Gurney GUR,USA,15,5,Porsche,1962
Phil Hill HIL,USA,14,6,Ferrari,1962
Tony Maggs MAG,RSA,13,7,Cooper Climax,1962
Richie Ginther GIN,USA,10,8,BRM,1962
Jack Brabham BRA,AUS,9,9,Brabham Climax,1962
Trevor Taylor TAY,GBR,6,10,Lotus Climax,1962
Giancarlo Baghetti BAG,ITA,5,11,Ferrari,1962
Lorenzo Bandini BAN,ITA,4,12,Ferrari,1962
Ricardo Rodriguez ROD,MEX,4,12,Ferrari,1962
Willy Mairesse MAI,BEL,3,14,Ferrari,1962
Jo Bonnier BON,SWE,3,14,Porsche,1962
Innes Ireland IRE,GBR,2,16,Lotus Climax,1962
Carel Godin de Beaufort DEB,NED,2,16,Porsche,1962
Masten Gregory GRE,USA,1,18,Lotus BRM,1962
Neville Lederle LED,RSA,1,18,Lotus Climax,1962
Jim Clark CLA,GBR,54,1,Lotus Climax,1963
Graham Hill HIL,GBR,29,2,BRM,1963
Richie Ginther GIN,USA,29,2,BRM,1963
John Surtees SUR,GBR,22,4,Ferrari,1963
Dan Gurney GUR,USA,19,5,Brabham Climax,1963
Bruce McLaren MCL,NZL,17,6,Cooper Climax,1963
Jack Brabham BRA,AUS,14,7,Brabham Climax,1963
Tony Maggs MAG,RSA,9,8,Cooper Climax,1963
Innes Ireland IRE,GBR,6,9,BRP BRM,1963
Lorenzo Bandini BAN,ITA,6,9,Ferrari,1963
Jo Bonnier BON,SWE,6,9,Cooper Climax,1963
Gerhard Mitter MIT,GER,3,12,Porsche,1963
Jim Hall HAL,USA,3,12,Lotus BRM,1963
Carel Godin de Beaufort DEB,NED,2,14,Porsche,1963
Trevor Taylor TAY,GBR,1,15,Lotus Climax,1963
Ludovico Scarfiotti SCA,ITA,1,15,Ferrari,1963
Jo Siffert SIF,SUI,1,15,Lotus BRM,1963
John Surtees SUR,GBR,40,1,Ferrari,1964
Graham Hill HIL,GBR,39,2,BRM,1964
Jim Clark CLA,GBR,32,3,Lotus Climax,1964
Lorenzo Bandini BAN,ITA,23,4,Ferrari,1964
Richie Ginther GIN,USA,23,4,BRM,1964
Dan Gurney GUR,USA,19,6,Brabham Climax,1964
Bruce McLaren MCL,NZL,13,7,Cooper Climax,1964
Peter Arundell ARU,GBR,11,8,Lotus Climax,1964
Jack Brabham BRA,AUS,11,8,Brabham Climax,1964
Jo Siffert SIF,SUI,7,10,Brabham BRM,1964
Bob Anderson AND,GBR,5,11,Brabham Climax,1964
Tony Maggs MAG,RSA,4,12,BRM,1964
Mike Spence SPE,GBR,4,12,Lotus Climax,1964
Innes Ireland IRE,GBR,4,12,BRP BRM,1964
Jo Bonnier BON,SWE,3,15,Brabham Climax,1964
Chris Amon AMO,NZL,2,16,Lotus BRM,1964
Maurice Trintignant TRI,FRA,2,16,BRM,1964
Walt Hansgen HAN,USA,2,16,Lotus Climax,1964
Mike Hailwood HAI,GBR,1,19,Lotus BRM,1964
Phil Hill HIL,USA,1,19,Cooper Climax,1964
Trevor Taylor TAY,GBR,1,19,BRP BRM,1964
Pedro Rodriguez ROD,MEX,1,19,Ferrari,1964
Jim Clark CLA,GBR,54,1,Lotus Climax,1965
Graham Hill HIL,GBR,40,2,BRM,1965
Jackie Stewart STE,GBR,33,3,BRM,1965
Dan Gurney GUR,USA,25,4,Brabham Climax,1965
John Surtees SUR,GBR,17,5,Ferrari,1965
Lorenzo Bandini BAN,ITA,13,6,Ferrari,1965
Richie Ginther GIN,USA,11,7,Honda,1965
Mike Spence SPE,GBR,10,8,Lotus Climax,1965
Bruce McLaren MCL,NZL,10,8,Cooper Climax,1965
Jack Brabham BRA,AUS,9,10,Brabham Climax,1965
Denny Hulme HUL,NZL,5,11,Brabham Climax,1965
Jo Siffert SIF,SUI,5,11,Brabham BRM,1965
Jochen Rindt RIN,AUT,4,13,Cooper Climax,1965
Pedro Rodriguez ROD,MEX,2,14,Ferrari,1965
Ronnie Bucknum BUC,USA,2,14,Honda,1965
Richard Attwood ATT,GBR,2,14,Lotus BRM,1965
Jack Brabham BRA,AUS,42,1,Brabham Repco,1966
John Surtees SUR,GBR,28,2,Cooper Maserati,1966
Jochen Rindt RIN,AUT,22,3,Cooper Maserati,1966
Denny Hulme HUL,NZL,18,4,Brabham Repco,1966
Graham Hill HIL,GBR,17,5,BRM,1966
Jim Clark CLA,GBR,16,6,Lotus BRM,1966
Jackie Stewart STE,GBR,14,7,BRM,1966
Mike Parkes PAR,GBR,12,8,Ferrari,1966
Lorenzo Bandini BAN,ITA,12,8,Ferrari,1966
Ludovico Scarfiotti SCA,ITA,9,10,Ferrari,1966
Richie Ginther GIN,USA,5,11,Honda,1966
Dan Gurney GUR,USA,4,12,Eagle Climax,1966
Mike Spence SPE,GBR,4,12,Lotus BRM,1966
Bob Bondurant BON,USA,3,14,Eagle Weslake,1966
Jo Siffert SIF,SUI,3,14,Cooper Maserati,1966
Bruce McLaren MCL,NZL,3,14,McLaren Ford,1966
John Taylor TAY,GBR,1,17,Brabham BRM,1966
Bob Anderson AND,GBR,1,17,Brabham Climax,1966
Peter Arundell ARU,GBR,1,17,Lotus BRM,1966
Jo Bonnier BON,SWE,1,17,Cooper Maserati,1966
Denny Hulme HUL,NZL,51,1,Brabham Repco,1967
Jack Brabham BRA,AUS,46,2,Brabham Repco,1967
Jim Clark CLA,GBR,41,3,Lotus Ford,1967
John Surtees SUR,GBR,20,4,Honda,1967
Chris Amon AMO,NZL,20,4,Ferrari,1967
Pedro Rodriguez ROD,MEX,15,6,Cooper Maserati,1967
Graham Hill HIL,GBR,15,6,Lotus Ford,1967
Dan Gurney GUR,USA,13,8,Eagle Climax,1967
Jackie Stewart STE,GBR,10,9,BRM,1967
Mike Spence SPE,GBR,9,10,BRM,1967
John Love LOV,RHO,6,11,Cooper Climax,1967
Jochen Rindt RIN,AUT,6,11,Cooper Maserati,1967
Jo Siffert SIF,SUI,6,11,Cooper Maserati,1967
Bruce McLaren MCL,NZL,3,14,McLaren BRM,1967
Jo Bonnier BON,SWE,3,14,Cooper Maserati,1967
Bob Anderson AND,GBR,2,16,Brabham Climax,1967
Mike Parkes PAR,GBR,2,16,Ferrari,1967
Chris Irwin IRW,GBR,2,16,BRM,1967
Ludovico Scarfiotti SCA,ITA,1,19,Eagle Weslake,1967
Guy Ligier LIG,FRA,1,19,Brabham Repco,1967
Jacky Ickx ICK,BEL,1,19,Cooper Maserati,1967
Graham Hill HIL,GBR,48,1,Lotus Ford,1968
Jackie Stewart STE,GBR,36,2,Matra Ford,1968
Denny Hulme HUL,NZL,33,3,McLaren Ford,1968
Jacky Ickx ICK,BEL,27,4,Ferrari,1968
Bruce McLaren MCL,NZL,22,5,McLaren Ford,1968
Pedro Rodriguez ROD,MEX,18,6,BRM,1968
Jo Siffert SIF,SUI,12,7,Lotus Ford,1968
John Surtees SUR,GBR,12,7,Honda,1968
Jean-Pierre Beltoise BEL,FRA,11,9,Matra,1968
Chris Amon AMO,NZL,10,10,Ferrari,1968
Jim Clark CLA,GBR,9,11,Lotus Ford,1968
Jochen Rindt RIN,AUT,8,12,Brabham Repco,1968
Richard Attwood ATT,GBR,6,13,BRM,1968
Johnny Servoz-Gavin SER,FRA,6,13,Matra Ford,1968
Jackie Oliver OLI,GBR,6,13,Lotus Ford,1968
Ludovico Scarfiotti SCA,ITA,6,13,Cooper BRM,1968
Lucien Bianchi BIA,BEL,5,17,Cooper BRM,1968
Vic Elford ELF,GBR,5,17,Cooper BRM,1968
Brian Redman RED,GBR,4,19,Cooper BRM,1968
Piers Courage COU,GBR,4,19,BRM,1968
Dan Gurney GUR,USA,3,21,McLaren Ford,1968
Jo Bonnier BON,SWE,3,21,Honda,1968
Silvio Moser MOS,SUI,2,23,Brabham Repco,1968
Jack Brabham BRA,AUS,2,23,Brabham Repco,1968
Jackie Stewart STE,GBR,63,1,Matra Ford,1969
Jacky Ickx ICK,BEL,37,2,Brabham Ford,1969
Bruce McLaren MCL,NZL,26,3,McLaren Ford,1969
Jochen Rindt RIN,AUT,22,4,Lotus Ford,1969
Jean-Pierre Beltoise BEL,FRA,21,5,Matra Ford,1969
Denny Hulme HUL,NZL,20,6,McLaren Ford,1969
Graham Hill HIL,GBR,19,7,Lotus Ford,1969
Piers Courage COU,GBR,16,8,Brabham Ford,1969
Jo Siffert SIF,SUI,15,9,Lotus Ford,1969
Jack Brabham BRA,AUS,14,10,Brabham Ford,1969
John Surtees SUR,GBR,6,11,BRM,1969
Chris Amon AMO,NZL,4,12,Ferrari,1969
Richard Attwood ATT,GBR,3,13,Brabham Ford,1969
Vic Elford ELF,GBR,3,13,McLaren Ford,1969
Pedro Rodriguez ROD,MEX,3,13,Ferrari,1969
Johnny Servoz-Gavin SER,FRA,1,16,Matra Ford,1969
Silvio Moser MOS,SUI,1,16,Brabham Ford,1969
Jackie Oliver OLI,GBR,1,16,BRM,1969
Jochen Rindt RIN,AUT,45,1,Lotus Ford,1970
Jacky Ickx ICK,BEL,40,2,Ferrari,1970
Clay Regazzoni REG,SUI,33,3,Ferrari,1970
Denny Hulme HUL,NZL,27,4,McLaren Ford,1970
Jack Brabham BRA,AUS,25,5,Brabham Ford,1970
Jackie Stewart STE,GBR,25,5,Tyrrell Ford,1970
Pedro Rodriguez ROD,MEX,23,7,BRM,1970
Chris Amon AMO,NZL,23,7,March Ford,1970
Jean-Pierre Beltoise BEL,FRA,16,9,Matra,1970
Emerson Fittipaldi FIT,BRA,12,10,Lotus Ford,1970
Rolf Stommelen STO,GER,10,11,Brabham Ford,1970
Henri Pescarolo PES,FRA,8,12,Matra,1970
Graham Hill HIL,GBR,7,13,Lotus Ford,1970
Bruce McLaren MCL,NZL,6,14,McLaren Ford,1970
Mario Andretti AND,USA,4,15,March Ford,1970
Reine Wisell WIS,SWE,4,15,Lotus Ford,1970
Ignazio Giunti GIU,ITA,3,17,Ferrari,1970
John Surtees SUR,GBR,3,17,Surtees Ford,1970
John Miles MIL,GBR,2,19,Lotus Ford,1970
Johnny Servoz-Gavin SER,FRA,2,19,March Ford,1970
Jackie Oliver OLI,GBR,2,19,BRM,1970
Dan Gurney GUR,USA,1,22,McLaren Ford,1970
Francois Cevert CEV,FRA,1,22,March Ford,1970
Peter Gethin GET,GBR,1,22,McLaren Ford,1970
Derek Bell BEL,GBR,1,22,Surtees Ford,1970
Jackie Stewart STE,GBR,62,1,Tyrrell Ford,1971
Ronnie Peterson PET,SWE,33,2,March Ford,1971
Francois Cevert CEV,FRA,26,3,Tyrrell Ford,1971
Jacky Ickx ICK,BEL,19,4,Ferrari,1971
Jo Siffert SIF,SUI,19,4,BRM,1971
Emerson Fittipaldi FIT,BRA,16,6,Lotus Ford,1971
Clay Regazzoni REG,SUI,13,7,Ferrari,1971
Mario Andretti AND,USA,12,8,Ferrari,1971
Peter Gethin GET,GBR,9,9,BRM,1971
Pedro Rodriguez ROD,MEX,9,9,BRM,1971
Chris Amon AMO,NZL,9,9,Matra,1971
Reine Wisell WIS,SWE,9,9,Lotus Ford,1971
Denny Hulme HUL,NZL,9,9,McLaren Ford,1971
Tim Schenken SCH,AUS,5,14,Brabham Ford,1971
Howden Ganley GAN,NZL,5,14,BRM,1971
Henri Pescarolo PES,FRA,4,16,March Ford,1971
Mike Hailwood HAI,GBR,3,18,Surtees Ford,1971
John Surtees SUR,GBR,3,18,Surtees Ford,1971
Rolf Stommelen STO,GER,3,18,Surtees Ford,1971
Graham Hill HIL,GBR,2,21,Brabham Ford,1971
Jean-Pierre Beltoise BEL,FRA,1,22,Matra,1971
Emerson Fittipaldi FIT,BRA,61,1,Lotus Ford,1972
Jackie Stewart STE,GBR,45,2,Tyrrell Ford,1972
Denny Hulme HUL,NZL,39,3,McLaren Ford,1972
Jacky Ickx ICK,BEL,27,4,Ferrari,1972
Peter Revson REV,USA,23,5,McLaren Ford,1972
Francois Cevert CEV,FRA,15,6,Tyrrell Ford,1972
Clay Regazzoni REG,SUI,15,6,Ferrari,1972
Mike Hailwood HAI,GBR,13,8,Surtees Ford,1972
Ronnie Peterson PET,SWE,12,9,March Ford,1972
Chris Amon AMO,NZL,12,9,Matra,1972
Jean-Pierre Beltoise BEL,FRA,9,11,BRM,1972
Mario Andretti AND,USA,4,12,Ferrari,1972
Howden Ganley GAN,NZL,4,12,BRM,1972
Brian Redman RED,GBR,4,12,BRM,1972
Graham Hill HIL,GBR,4,12,Brabham Ford,1972
Andrea de Adamich DEA,ITA,3,16,Surtees Ford,1972
Carlos Reutemann REU,ARG,3,16,Brabham Ford,1972
Carlos Pace PAC,BRA,3,16,March Ford,1972
Tim Schenken SCH,AUS,2,19,Surtees Ford,1972
Arturo Merzario MER,ITA,1,20,Ferrari,1972
Peter Gethin GET,GBR,1,20,BRM,1972
Jackie Stewart STE,GBR,71,1,Tyrrell Ford,1973
Emerson Fittipaldi FIT,BRA,55,2,Lotus Ford,1973
Ronnie Peterson PET,SWE,52,3,Lotus Ford,1973
Francois Cevert CEV,FRA,47,4,Tyrrell Ford,1973
Peter Revson REV,USA,38,5,McLaren Ford,1973
Denny Hulme HUL,NZL,26,6,McLaren Ford,1973
Carlos Reutemann REU,ARG,16,7,Brabham Ford,1973
James Hunt HUN,GBR,14,8,March Ford,1973
Jacky Ickx ICK,BEL,12,9,Iso Marlboro Ford,1973
Jean-Pierre Beltoise BEL,FRA,9,10,BRM,1973
Carlos Pace PAC,BRA,7,11,Surtees Ford,1973
Arturo Merzario MER,ITA,6,12,Ferrari,1973
George Follmer FOL,USA,5,13,Shadow Ford,1973
Jackie Oliver OLI,GBR,4,14,Shadow Ford,1973
Andrea de Adamich DEA,ITA,3,15,Brabham Ford,1973
Wilson Fittipaldi FIT,BRA,3,15,Brabham Ford,1973
Niki Lauda LAU,AUT,2,17,BRM,1973
Clay Regazzoni REG,SUI,2,17,BRM,1973
Chris Amon AMO,NZL,1,19,Tyrrell Ford,1973
Gijs van Lennep VAN,NED,1,19,Iso Marlboro Ford,1973
Howden Ganley GAN,NZL,1,19,Iso Marlboro Ford,1973
Emerson Fittipaldi FIT,BRA,55,1,McLaren Ford,1974
Clay Regazzoni REG,SUI,52,2,Ferrari,1974
Jody Scheckter SCH,RSA,45,3,Tyrrell Ford,1974
Niki Lauda LAU,AUT,38,4,Ferrari,1974
Ronnie Peterson PET,SWE,35,5,Lotus Ford,1974
Carlos Reutemann REU,ARG,32,6,Brabham Ford,1974
Denny Hulme HUL,NZL,20,7,McLaren Ford,1974
James Hunt HUN,GBR,15,8,Hesketh Ford,1974
Patrick Depailler DEP,FRA,14,9,Tyrrell Ford,1974
Jacky Ickx ICK,BEL,12,10,Lotus Ford,1974
Mike Hailwood HAI,GBR,12,10,McLaren Ford,1974
Carlos Pace PAC,BRA,11,12,Brabham Ford,1974
Jean-Pierre Beltoise BEL,FRA,10,13,BRM,1974
Jean-Pierre Jarier JAR,FRA,6,14,Shadow Ford,1974
John Watson WAT,GBR,6,14,Brabham Ford,1974
Hans-Joachim Stuck STU,GER,5,16,March Ford,1974
Arturo Merzario MER,ITA,4,17,Iso Marlboro Ford,1974
Graham Hill HIL,GBR,1,18,Lola Ford,1974
Tom Pryce PRY,GBR,1,18,Shadow Ford,1974
Vittorio Brambilla BRA,ITA,1,18,March Ford,1974
Niki Lauda LAU,AUT,64.5,1,Ferrari,1975
Emerson Fittipaldi FIT,BRA,45,2,McLaren Ford,1975
Carlos Reutemann REU,ARG,37,3,Brabham Ford,1975
James Hunt HUN,GBR,33,4,Hesketh Ford,1975
Clay Regazzoni REG,SUI,25,5,Ferrari,1975
Carlos Pace PAC,BRA,24,6,Brabham Ford,1975
Jody Scheckter SCH,RSA,20,7,Tyrrell Ford,1975
Jochen Mass MAS,GER,20,7,McLaren Ford,1975
Patrick Depailler DEP,FRA,12,9,Tyrrell Ford,1975
Tom Pryce PRY,GBR,8,10,Shadow Ford,1975
Vittorio Brambilla BRA,ITA,6.5,11,March Ford,1975
Jacques Laffite LAF,FRA,6,12,Frank Williams Racing Cars/Williams,1975
Ronnie Peterson PET,SWE,6,12,Lotus Ford,1975
Mario Andretti AND,USA,5,14,Parnelli Ford,1975
Mark Donohue DON,USA,4,15,March Ford,1975
Jacky Ickx ICK,BEL,3,16,Lotus Ford,1975
Alan Jones JON,AUS,2,17,Hill Ford,1975
Jean-Pierre Jarier JAR,FRA,1.5,18,Shadow Ford,1975
Tony Brise BRI,GBR,1,19,Hill Ford,1975
Gijs van Lennep VAN,NED,1,19,Ensign Ford,1975
Lella Lombardi LOM,ITA,0.5,21,Frank Williams Racing Cars/Williams,1975
James Hunt HUN,GBR,69,1,McLaren Ford,1976
Niki Lauda LAU,AUT,68,2,Ferrari,1976
Jody Scheckter SCH,RSA,49,3,Tyrrell Ford,1976
Patrick Depailler DEP,FRA,39,4,Tyrrell Ford,1976
Clay Regazzoni REG,SUI,31,5,Ferrari,1976
Mario Andretti AND,USA,22,6,Lotus Ford,1976
John Watson WAT,GBR,20,7,Penske Ford,1976
Jacques Laffite LAF,FRA,20,7,Ligier Matra,1976
Jochen Mass MAS,GER,19,9,McLaren Ford,1976
Gunnar Nilsson NIL,SWE,11,10,Lotus Ford,1976
Ronnie Peterson PET,SWE,10,11,March Ford,1976
Tom Pryce PRY,GBR,10,11,Shadow Ford,1976
Hans-Joachim Stuck STU,GER,8,13,March Ford,1976
Carlos Pace PAC,BRA,7,14,Brabham Alfa Romeo,1976
Alan Jones JON,AUS,7,14,Surtees Ford,1976
Carlos Reutemann REU,ARG,3,16,Ferrari,1976
Emerson Fittipaldi FIT,BRA,3,16,Fittipaldi Ford,1976
Chris Amon AMO,NZL,2,18,Wolf-Williams,1976
Rolf Stommelen STO,GER,1,19,Brabham Alfa Romeo,1976
Vittorio Brambilla BRA,ITA,1,19,March Ford,1976
Niki Lauda LAU,AUT,72,1,Ferrari,1977
Jody Scheckter SCH,RSA,55,2,Wolf Ford,1977
Mario Andretti AND,USA,47,3,Lotus Ford,1977
Carlos Reutemann REU,ARG,42,4,Ferrari,1977
James Hunt HUN,GBR,40,5,McLaren Ford,1977
Jochen Mass MAS,GER,25,6,McLaren Ford,1977
Alan Jones JON,AUS,22,7,Shadow Ford,1977
Gunnar Nilsson NIL,SWE,20,8,Lotus Ford,1977
Patrick Depailler DEP,FRA,20,8,Tyrrell Ford,1977
Jacques Laffite LAF,FRA,18,10,Ligier Matra,1977
Hans-Joachim Stuck STU,GER,12,11,Brabham Alfa Romeo,1977
Emerson Fittipaldi FIT,BRA,11,12,Fittipaldi Ford,1977
John Watson WAT,GBR,9,13,Brabham Alfa Romeo,1977
Ronnie Peterson PET,SWE,7,14,Tyrrell Ford,1977
Carlos Pace PAC,BRA,6,15,Brabham Alfa Romeo,1977
Vittorio Brambilla BRA,ITA,6,15,Surtees Ford,1977
Patrick Tambay TAM,FRA,5,17,Ensign Ford,1977
Clay Regazzoni REG,SUI,5,17,Ensign Ford,1977
Renzo Zorzi ZOR,ITA,1,19,Shadow Ford,1977
Jean-Pierre Jarier JAR,FRA,1,19,Ligier Matra,1977
Riccardo Patrese PAT,ITA,1,19,Shadow Ford,1977
Mario Andretti AND,USA,64,1,Lotus Ford,1978
Ronnie Peterson PET,SWE,51,2,Lotus Ford,1978
Carlos Reutemann REU,ARG,48,3,Ferrari,1978
Niki Lauda LAU,AUT,44,4,Brabham Alfa Romeo,1978
Patrick Depailler DEP,FRA,34,5,Tyrrell Ford,1978
John Watson WAT,GBR,25,6,Brabham Alfa Romeo,1978
Jody Scheckter SCH,RSA,24,7,Wolf Ford,1978
Jacques Laffite LAF,FRA,19,8,Ligier Matra,1978
Gilles Villeneuve VIL,CAN,17,9,Ferrari,1978
Emerson Fittipaldi FIT,BRA,17,9,Fittipaldi Ford,1978
Alan Jones JON,AUS,11,11,Williams Ford,1978
Riccardo Patrese PAT,ITA,11,11,Arrows Ford,1978
James Hunt HUN,GBR,8,13,McLaren Ford,1978
Patrick Tambay TAM,FRA,8,13,McLaren Ford,1978
Didier Pironi PIR,FRA,7,15,Tyrrell Ford,1978
Clay Regazzoni REG,SUI,4,16,Shadow Ford,1978
Jean-Pierre Jabouille JAB,FRA,3,17,Renault,1978
Hans-Joachim Stuck STU,GER,2,18,Shadow Ford,1978
Hector Rebaque REB,MEX,1,19,Lotus Ford,1978
Vittorio Brambilla BRA,ITA,1,19,Surtees Ford,1978
Derek Daly DAL,IRL,1,19,Ensign Ford,1978
Jody Scheckter SCH,RSA,51,1,Ferrari,1979
Gilles Villeneuve VIL,CAN,47,2,Ferrari,1979
Alan Jones JON,AUS,40,3,Williams Ford,1979
Jacques Laffite LAF,FRA,36,4,Ligier Ford,1979
Clay Regazzoni REG,SUI,29,5,Williams Ford,1979
Patrick Depailler DEP,FRA,20,6,Ligier Ford,1979
Carlos Reutemann REU,ARG,20,6,Lotus Ford,1979
Rene Arnoux ARN,FRA,17,8,Renault,1979
John Watson WAT,GBR,15,9,McLaren Ford,1979
Didier Pironi PIR,FRA,14,10,Tyrrell Ford,1979
Jean-Pierre Jarier JAR,FRA,14,10,Tyrrell Ford,1979
Mario Andretti AND,USA,14,10,Lotus Ford,1979
Jean-Pierre Jabouille JAB,FRA,9,13,Renault,1979
Niki Lauda LAU,AUT,4,14,Brabham Ford,1979
Nelson Piquet PIQ,BRA,3,15,Brabham Ford,1979
Elio de Angelis DEA,ITA,3,15,Shadow Ford,1979
Jacky Ickx ICK,BEL,3,15,Ligier Ford,1979
Jochen Mass MAS,GER,3,15,Arrows Ford,1979
Riccardo Patrese PAT,ITA,2,19,Arrows Ford,1979
Hans-Joachim Stuck STU,GER,2,19,ATS Ford,1979
Emerson Fittipaldi FIT,BRA,1,21,Fittipaldi Ford,1979
Alan Jones JON,AUS,67,1,Williams Ford,1980
Nelson Piquet PIQ,BRA,54,2,Brabham Ford,1980
Carlos Reutemann REU,ARG,42,3,Williams Ford,1980
Jacques Laffite LAF,FRA,34,4,Ligier Ford,1980
Didier Pironi PIR,FRA,32,5,Ligier Ford,1980
Rene Arnoux ARN,FRA,29,6,Renault,1980
Elio de Angelis DEA,ITA,13,7,Lotus Ford,1980
Jean-Pierre Jabouille JAB,FRA,9,8,Renault,1980
Riccardo Patrese PAT,ITA,7,9,Arrows Ford,1980
Keke Rosberg ROS,FIN,6,10,Fittipaldi Ford,1980
Derek Daly DAL,IRL,6,10,Tyrrell Ford,1980
John Watson WAT,GBR,6,10,McLaren Ford,1980
Jean-Pierre Jarier JAR,FRA,6,10,Tyrrell Ford,1980
Gilles Villeneuve VIL,CAN,6,10,Ferrari,1980
Emerson Fittipaldi FIT,BRA,5,15,Fittipaldi Ford,1980
Alain Prost PRO,FRA,5,15,McLaren Ford,1980
Jochen Mass MAS,GER,4,17,Arrows Ford,1980
Bruno Giacomelli GIA,ITA,4,17,Alfa Romeo,1980
Jody Scheckter SCH,RSA,2,19,Ferrari,1980
Hector Rebaque REB,MEX,1,20,Brabham Ford,1980
Mario Andretti AND,USA,1,20,Lotus Ford,1980
Nelson Piquet PIQ,BRA,50,1,Brabham Ford,1981
Carlos Reutemann REU,ARG,49,2,Williams Ford,1981
Alan Jones JON,AUS,46,3,Williams Ford,1981
Jacques Laffite LAF,FRA,44,4,Ligier Matra,1981
Alain Prost PRO,FRA,43,5,Renault,1981
John Watson WAT,GBR,27,6,McLaren Ford,1981
Gilles Villeneuve VIL,CAN,25,7,Ferrari,1981
Elio de Angelis DEA,ITA,14,8,Lotus Ford,1981
Rene Arnoux ARN,FRA,11,9,Renault,1981
Hector Rebaque REB,MEX,11,9,Brabham Ford,1981
Riccardo Patrese PAT,ITA,10,11,Arrows Ford,1981
Eddie Cheever CHE,USA,10,11,Tyrrell Ford,1981
Didier Pironi PIR,FRA,9,13,Ferrari,1981
Nigel Mansell MAN,GBR,8,14,Lotus Ford,1981
Bruno Giacomelli GIA,ITA,7,15,Alfa Romeo,1981
Marc Surer SUR,SUI,4,16,Theodore Ford,1981
Mario Andretti AND,USA,3,17,Alfa Romeo,1981
Patrick Tambay TAM,FRA,1,18,Ligier Matra,1981
Andrea de Cesaris DEC,ITA,1,18,McLaren Ford,1981
Slim Borgudd BOR,SWE,1,18,ATS Ford,1981
Eliseo Salazar SAL,CHI,1,18,Ensign Ford,1981
Keke Rosberg ROS,FIN,44,1,Williams Ford,1982
Didier Pironi PIR,FRA,39,2,Ferrari,1982
John Watson WAT,GBR,39,2,McLaren Ford,1982
Alain Prost PRO,FRA,34,4,Renault,1982
Niki Lauda LAU,AUT,30,5,McLaren Ford,1982
Rene Arnoux ARN,FRA,28,6,Renault,1982
Patrick Tambay TAM,FRA,25,7,Ferrari,1982
Michele Alboreto ALB,ITA,25,7,Tyrrell Ford,1982
Elio de Angelis DEA,ITA,23,9,Lotus Ford,1982
Riccardo Patrese PAT,ITA,21,10,Brabham BMW,1982
Nelson Piquet PIQ,BRA,20,11,Brabham BMW,1982
Eddie Cheever CHE,USA,15,12,Ligier Matra,1982
Derek Daly DAL,IRL,8,13,Williams Ford,1982
Nigel Mansell MAN,GBR,7,14,Lotus Ford,1982
Carlos Reutemann REU,ARG,6,15,Williams Ford,1982
Gilles Villeneuve VIL,CAN,6,15,Ferrari,1982
Andrea de Cesaris DEC,ITA,5,17,Alfa Romeo,1982
Jacques Laffite LAF,FRA,5,17,Ligier Matra,1982
Mario Andretti AND,USA,4,19,Ferrari,1982
Jean-Pierre Jarier JAR,FRA,3,20,Osella Ford,1982
Marc Surer SUR,SUI,3,20,Arrows Ford,1982
Manfred Winkelhock WIN,GER,2,22,ATS Ford,1982
Eliseo Salazar SAL,CHI,2,22,ATS Ford,1982
Bruno Giacomelli GIA,ITA,2,22,Alfa Romeo,1982
Mauro Baldi BAL,ITA,2,22,Arrows Ford,1982
Chico Serra SER,BRA,1,26,Fittipaldi Ford,1982
Nelson Piquet PIQ,BRA,59,1,Brabham BMW,1983
Alain Prost PRO,FRA,57,2,Renault,1983
Rene Arnoux ARN,FRA,49,3,Ferrari,1983
Patrick Tambay TAM,FRA,40,4,Ferrari,1983
Keke Rosberg ROS,FIN,27,5,Williams Honda,1983
John Watson WAT,GBR,22,6,McLaren Ford,1983
Eddie Cheever CHE,USA,22,7,Renault,1983
Andrea de Cesaris DEC,ITA,15,8,Alfa Romeo,1983
Riccardo Patrese PAT,ITA,13,9,Brabham BMW,1983
Niki Lauda LAU,AUT,12,10,McLaren TAG,1983
Jacques Laffite LAF,FRA,11,11,Williams Honda,1983
Michele Alboreto ALB,ITA,10,12,Tyrrell Ford,1983
Nigel Mansell MAN,GBR,10,13,Lotus Renault,1983
Derek Warwick WAR,GBR,9,14,Toleman Hart,1983
Marc Surer SUR,SUI,4,15,Arrows Ford,1983
Mauro Baldi BAL,ITA,3,16,Alfa Romeo,1983
Elio de Angelis DEA,ITA,2,17,Lotus Renault,1983
Danny Sullivan SUL,USA,2,18,Tyrrell Ford,1983
Bruno Giacomelli GIA,ITA,1,19,Toleman Hart,1983
Johnny Cecotto CEC,VEN,1,20,Theodore Ford,1983
Niki Lauda LAU,AUT,72,1,McLaren TAG,1984
Alain Prost PRO,FRA,71.5,2,McLaren TAG,1984
Elio de Angelis DEA,ITA,34,3,Lotus Renault,1984
Michele Alboreto ALB,ITA,30.5,4,Ferrari,1984
Nelson Piquet PIQ,BRA,29,5,Brabham BMW,1984
Rene Arnoux ARN,FRA,27,6,Ferrari,1984
Derek Warwick WAR,GBR,23,7,Renault,1984
Keke Rosberg ROS,FIN,20.5,8,Williams Honda,1984
Ayrton Senna SEN,BRA,13,9,Toleman Hart,1984
Nigel Mansell MAN,GBR,13,10,Lotus Renault,1984
Patrick Tambay TAM,FRA,11,11,Renault,1984
Teo Fabi FAB,ITA,9,12,Brabham BMW,1984
Riccardo Patrese PAT,ITA,8,13,Alfa Romeo,1984
Jacques Laffite LAF,FRA,5,14,Williams Honda,1984
Thierry Boutsen BOU,BEL,5,15,Arrows BMW,1984
Eddie Cheever CHE,USA,3,16,Alfa Romeo,1984
Stefan Johansson JOH,SWE,3,17,Toleman Hart,1984
Andrea de Cesaris DEC,ITA,3,18,Ligier Renault,1984
Piercarlo Ghinzani GHI,ITA,2,19,Osella Alfa Romeo,1984
Marc Surer SUR,SUI,1,20,Arrows BMW,1984
Alain Prost PRO,FRA,73,1,McLaren TAG,1985
Michele Alboreto ALB,ITA,53,2,Ferrari,1985
Keke Rosberg ROS,FIN,40,3,Williams Honda,1985
Ayrton Senna SEN,BRA,38,4,Lotus Renault,1985
Elio de Angelis DEA,ITA,33,5,Lotus Renault,1985
Nigel Mansell MAN,GBR,31,6,Williams Honda,1985
Stefan Johansson JOH,SWE,26,7,Ferrari,1985
Nelson Piquet PIQ,BRA,21,8,Brabham BMW,1985
Jacques Laffite LAF,FRA,16,9,Ligier Renault,1985
Niki Lauda LAU,AUT,14,10,McLaren TAG,1985
Thierry Boutsen BOU,BEL,11,11,Arrows BMW,1985
Patrick Tambay TAM,FRA,11,12,Renault,1985
Marc Surer SUR,SUI,5,13,Brabham BMW,1985
Derek Warwick WAR,GBR,5,14,Renault,1985
Philippe Streiff STR,FRA,4,15,Ligier Renault,1985
Stefan Bellof BEL,GER,4,16,Tyrrell Renault,1985
Andrea de Cesaris DEC,ITA,3,17,Ligier Renault,1985
Rene Arnoux ARN,FRA,3,18,Ferrari,1985
Ivan Capelli CAP,ITA,3,19,Tyrrell Renault,1985
Gerhard Berger BER,AUT,3,20,Arrows BMW,1985
Alain Prost PRO,FRA,72,1,McLaren TAG,1986
Nigel Mansell MAN,GBR,70,2,Williams Honda,1986
Nelson Piquet PIQ,BRA,69,3,Williams Honda,1986
Ayrton Senna SEN,BRA,55,4,Lotus Renault,1986
Stefan Johansson JOH,SWE,23,5,Ferrari,1986
Keke Rosberg ROS,FIN,22,6,McLaren TAG,1986
Gerhard Berger BER,AUT,17,7,Benetton BMW,1986
Jacques Laffite LAF,FRA,14,8,Ligier Renault,1986
Michele Alboreto ALB,ITA,14,9,Ferrari,1986
Rene Arnoux ARN,FRA,14,10,Ligier Renault,1986
Martin Brundle BRU,GBR,8,11,Tyrrell Renault,1986
Alan Jones JON,AUS,4,12,Lola Ford,1986
Johnny Dumfries DUM,GBR,3,13,Lotus Renault,1986
Philippe Streiff STR,FRA,3,14,Tyrrell Renault,1986
Teo Fabi FAB,ITA,2,15,Benetton BMW,1986
Patrick Tambay TAM,FRA,2,16,Lola Ford,1986
Riccardo Patrese PAT,ITA,2,17,Brabham BMW,1986
Philippe Alliot ALL,FRA,1,18,Ligier Renault,1986
Christian Danner DAN,GER,1,19,Arrows BMW,1986
Nelson Piquet PIQ,BRA,73,1,Williams Honda,1987
Nigel Mansell MAN,GBR,61,2,Williams Honda,1987
Ayrton Senna SEN,BRA,57,3,Lotus Honda,1987
Alain Prost PRO,FRA,46,4,McLaren TAG,1987
Gerhard Berger BER,AUT,36,5,Ferrari,1987
Stefan Johansson JOH,SWE,30,6,McLaren TAG,1987
Michele Alboreto ALB,ITA,17,7,Ferrari,1987
Thierry Boutsen BOU,BEL,16,8,Benetton Ford,1987
Teo Fabi FAB,ITA,12,9,Benetton Ford,1987
Eddie Cheever CHE,USA,8,10,Arrows Megatron,1987
Jonathan Palmer PAL,GBR,7,11,Tyrrell Ford,1987
Satoru Nakajima NAK,JPN,7,12,Lotus Honda,1987
Riccardo Patrese PAT,ITA,6,13,Williams Honda,1987
Andrea de Cesaris DEC,ITA,4,14,Brabham BMW,1987
Philippe Streiff STR,FRA,4,15,Tyrrell Ford,1987
Derek Warwick WAR,GBR,3,16,Arrows Megatron,1987
Philippe Alliot ALL,FRA,3,17,Lola Ford,1987
Martin Brundle BRU,GBR,2,18,Zakspeed,1987
Rene Arnoux ARN,FRA,1,19,Ligier Megatron,1987
Ivan Capelli CAP,ITA,1,20,March Ford,1987
Roberto Moreno MOR,BRA,1,21,AGS Ford,1987
Ayrton Senna SEN,BRA,90,1,McLaren Honda,1988
Alain Prost PRO,FRA,87,2,McLaren Honda,1988
Gerhard Berger BER,AUT,41,3,Ferrari,1988
Thierry Boutsen BOU,BEL,27,4,Benetton Ford,1988
Michele Alboreto ALB,ITA,24,5,Ferrari,1988
Nelson Piquet PIQ,BRA,22,6,Lotus Honda,1988
Ivan Capelli CAP,ITA,17,7,March Judd,1988
Derek Warwick WAR,GBR,17,8,Arrows Megatron,1988
Nigel Mansell MAN,GBR,12,9,Williams Judd,1988
Alessandro Nannini NAN,ITA,12,10,Benetton Ford,1988
Riccardo Patrese PAT,ITA,8,11,Williams Judd,1988
Eddie Cheever CHE,USA,6,12,Arrows Megatron,1988
Mauricio Gugelmin GUG,BRA,5,13,March Judd,1988
Jonathan Palmer PAL,GBR,5,14,Tyrrell Ford,1988
Andrea de Cesaris DEC,ITA,3,15,Rial Ford,1988
Pierluigi Martini MAR,ITA,1,16,Minardi Ford,1988
Satoru Nakajima NAK,JPN,1,17,Lotus Honda,1988
Alain Prost PRO,FRA,76,1,McLaren Honda,1989
Ayrton Senna SEN,BRA,60,2,McLaren Honda,1989
Riccardo Patrese PAT,ITA,40,3,Williams Renault,1989
Nigel Mansell MAN,GBR,38,4,Ferrari,1989
Thierry Boutsen BOU,BEL,37,5,Williams Renault,1989
Alessandro Nannini NAN,ITA,32,6,Benetton Ford,1989
Gerhard Berger BER,AUT,21,7,Ferrari,1989
Nelson Piquet PIQ,BRA,12,8,Lotus Judd,1989
Jean Alesi ALE,FRA,8,9,Tyrrell Ford,1989
Derek Warwick WAR,GBR,7,10,Arrows Ford,1989
Stefan Johansson JOH,SWE,6,11,Onyx Ford,1989
Michele Alboreto ALB,ITA,6,11,Lola Lamborghini,1989
Eddie Cheever CHE,USA,6,11,Arrows Ford,1989
Johnny Herbert HER,GBR,5,14,Tyrrell Ford,1989
Pierluigi Martini MAR,ITA,5,15,Minardi Ford,1989
Andrea de Cesaris DEC,ITA,4,16,Dallara Ford,1989
Mauricio Gugelmin GUG,BRA,4,16,March Judd,1989
Stefano Modena MOD,ITA,4,16,Brabham Judd,1989
Alex Caffi CAF,ITA,4,19,Dallara Ford,1989
Martin Brundle BRU,GBR,4,20,Brabham Judd,1989
Christian Danner DAN,GER,3,21,Rial Ford,1989
Satoru Nakajima NAK,JPN,3,21,Lotus Judd,1989
Rene Arnoux ARN,FRA,2,23,Ligier Ford,1989
Emanuele Pirro PIR,ITA,2,23,Benetton Ford,1989
Jonathan Palmer PAL,GBR,2,25,Tyrrell Ford,1989
Gabriele Tarquini TAR,ITA,1,26,AGS Ford,1989
Philippe Alliot ALL,FRA,1,26,Lola Lamborghini,1989
Olivier Grouillard GRO,FRA,1,26,Ligier Ford,1989
Luis Perez-Sala PER,ESP,1,26,Minardi Ford,1989
Ayrton Senna SEN,BRA,78,1,McLaren Honda,1990
Alain Prost PRO,FRA,71,2,Ferrari,1990
Nelson Piquet PIQ,BRA,43,3,Benetton Ford,1990
Gerhard Berger BER,AUT,43,3,McLaren Honda,1990
Nigel Mansell MAN,GBR,37,5,Ferrari,1990
Thierry Boutsen BOU,BEL,34,6,Williams Renault,1990
Riccardo Patrese PAT,ITA,23,7,Williams Renault,1990
Alessandro Nannini NAN,ITA,21,8,Benetton Ford,1990
Jean Alesi ALE,FRA,13,9,Tyrrell Ford,1990
Ivan Capelli CAP,ITA,6,10,Leyton House Judd,1990
Roberto Moreno MOR,BRA,6,10,Benetton Ford,1990
Aguri Suzuki SUZ,JPN,6,12,Lola Lamborghini,1990
Eric Bernard BER,FRA,5,13,Lola Lamborghini,1990
Derek Warwick WAR,GBR,3,14,Lotus Lamborghini,1990
Satoru Nakajima NAK,JPN,3,15,Tyrrell Ford,1990
Alex Caffi CAF,ITA,2,16,Arrows Ford,1990
Stefano Modena MOD,ITA,2,16,Brabham Judd,1990
Mauricio Gugelmin GUG,BRA,1,18,Leyton House Judd,1990
Ayrton Senna SEN,BRA,96,1,McLaren Honda,1991
Nigel Mansell MAN,GBR,72,2,Williams Renault,1991
Riccardo Patrese PAT,ITA,53,3,Williams Renault,1991
Gerhard Berger BER,AUT,43,4,McLaren Honda,1991
Alain Prost PRO,FRA,34,5,Ferrari,1991
Nelson Piquet PIQ,BRA,26.5,6,Benetton Ford,1991
Jean Alesi ALE,FRA,21,7,Ferrari,1991
Stefano Modena MOD,ITA,10,8,Tyrrell Honda,1991
Andrea de Cesaris DEC,ITA,9,9,Jordan Ford,1991
Roberto Moreno MOR,BRA,8,10,Minardi Ferrari,1991
Pierluigi Martini MAR,ITA,6,11,Minardi Ferrari,1991
Jyrki Jarvilehto JAR,FIN,4,12,Dallara Judd,1991
Bertrand Gachot GAC,FRA,4,12,Jordan Ford,1991
Michael Schumacher MSC,GER,4,12,Benetton Ford,1991
Mika Hakkinen HAK,FIN,2,15,Lotus Judd,1991
Martin Brundle BRU,GBR,2,15,Brabham Yamaha,1991
Satoru Nakajima NAK,JPN,2,15,Tyrrell Honda,1991
Julian Bailey BAI,GBR,1,18,Lotus Judd,1991
Eric Bernard BER,FRA,1,18,Lola Ford,1991
Ivan Capelli CAP,ITA,1,18,Leyton House Ilmor,1991
Aguri Suzuki SUZ,JPN,1,18,Lola Ford,1991
Emanuele Pirro PIR,ITA,1,18,Dallara Judd,1991
Mark Blundell BLU,GBR,1,18,Brabham Yamaha,1991
Gianni Morbidelli MOR,ITA,0.5,24,Ferrari,1991
Nigel Mansell MAN,GBR,108,1,Williams Renault,1992
Riccardo Patrese PAT,ITA,56,2,Williams Renault,1992
Michael Schumacher MSC,GER,53,3,Benetton Ford,1992
Ayrton Senna SEN,BRA,50,4,McLaren Honda,1992
Gerhard Berger BER,AUT,49,5,McLaren Honda,1992
Martin Brundle BRU,GBR,38,6,Benetton Ford,1992
Jean Alesi ALE,FRA,18,7,Ferrari,1992
Mika Hakkinen HAK,FIN,11,8,Lotus Ford,1992
Andrea de Cesaris DEC,ITA,8,9,Tyrrell Ilmor,1992
Michele Alboreto ALB,ITA,6,10,Footwork Mugen Honda,1992
Erik Comas COM,FRA,4,11,Ligier Renault,1992
Karl Wendlinger WEN,AUT,3,12,March Ilmor,1992
Ivan Capelli CAP,ITA,3,12,Ferrari,1992
Thierry Boutsen BOU,BEL,2,14,Ligier Renault,1992
Pierluigi Martini MAR,ITA,2,15,Dallara Ferrari,1992
Johnny Herbert HER,GBR,2,16,Lotus Ford,1992
Stefano Modena MOD,ITA,1,17,Jordan Yamaha,1992
Christian Fittipaldi FIT,BRA,1,18,Minardi Lamborghini,1992
Bertrand Gachot GAC,FRA,1,19,Venturi Lamborghini,1992
Alain Prost PRO,FRA,99,1,Williams Renault,1993
Ayrton Senna SEN,BRA,73,2,McLaren Ford,1993
Damon Hill HIL,GBR,69,3,Williams Renault,1993
Michael Schumacher MSC,GER,52,4,Benetton Ford,1993
Riccardo Patrese PAT,ITA,20,5,Benetton Ford,1993
Jean Alesi ALE,FRA,16,6,Ferrari,1993
Martin Brundle BRU,GBR,13,7,Ligier Renault,1993
Gerhard Berger BER,AUT,12,8,Ferrari,1993
Johnny Herbert HER,GBR,11,9,Lotus Ford,1993
Mark Blundell BLU,GBR,10,10,Ligier Renault,1993
Michael Andretti AND,USA,7,11,McLaren Ford,1993
Karl Wendlinger WEN,AUT,7,12,Sauber,1993
Christian Fittipaldi FIT,BRA,5,13,Minardi Ford,1993
Jyrki Jarvilehto JAR,FIN,5,13,Sauber,1993
Mika Hakkinen HAK,FIN,4,15,McLaren Ford,1993
Derek Warwick WAR,GBR,4,16,Footwork Mugen Honda,1993
Philippe Alliot ALL,FRA,2,17,Larrousse Lamborghini,1993
Rubens Barrichello BAR,BRA,2,17,Jordan Hart,1993
Fabrizio Barbazza BAR,ITA,2,19,Minardi Ford,1993
Alessandro Zanardi ZAN,ITA,1,20,Lotus Ford,1993
Erik Comas COM,FRA,1,20,Larrousse Lamborghini,1993
Eddie Irvine IRV,GBR,1,20,Jordan Hart,1993
Michael Schumacher MSC,GER,92,1,Benetton Ford,1994
Damon Hill HIL,GBR,91,2,Williams Renault,1994
Gerhard Berger BER,AUT,41,3,Ferrari,1994
Mika Hakkinen HAK,FIN,26,4,McLaren Peugeot,1994
Jean Alesi ALE,FRA,24,5,Ferrari,1994
Rubens Barrichello BAR,BRA,19,6,Jordan Hart,1994
Martin Brundle BRU,GBR,16,7,McLaren Peugeot,1994
David Coulthard COU,GBR,14,8,Williams Renault,1994
Nigel Mansell MAN,GBR,13,9,Williams Renault,1994
Jos Verstappen VER,NED,10,10,Benetton Ford,1994
Olivier Panis PAN,FRA,9,11,Ligier Renault,1994
Mark Blundell BLU,GBR,8,12,Tyrrell Yamaha,1994
Heinz-Harald Frentzen FRE,GER,7,13,Sauber Mercedes,1994
Nicola Larini LAR,ITA,6,14,Ferrari,1994
Christian Fittipaldi FIT,BRA,6,15,Footwork Ford,1994
Eddie Irvine IRV,GBR,6,16,Jordan Hart,1994
Ukyo Katayama KAT,JPN,5,17,Tyrrell Yamaha,1994
Eric Bernard BER,FRA,4,18,Lotus Mugen Honda,1994
Karl Wendlinger WEN,AUT,4,19,Sauber Mercedes,1994
Andrea de Cesaris DEC,ITA,4,20,Sauber Mercedes,1994
Pierluigi Martini MAR,ITA,4,21,Minardi Ford,1994
Gianni Morbidelli MOR,ITA,3,22,Footwork Ford,1994
Erik Comas COM,FRA,2,23,Larrousse Ford,1994
Michele Alboreto ALB,ITA,1,24,Minardi Ford,1994
Jyrki Jarvilehto JAR,FIN,1,25,Sauber Mercedes,1994
Michael Schumacher MSC,GER,102,1,Benetton Renault,1995
Damon Hill HIL,GBR,69,2,Williams Renault,1995
David Coulthard COU,GBR,49,3,Williams Renault,1995
Johnny Herbert HER,GBR,45,4,Benetton Renault,1995
Jean Alesi ALE,FRA,42,5,Ferrari,1995
Gerhard Berger BER,AUT,31,6,Ferrari,1995
Mika Hakkinen HAK,FIN,17,7,McLaren Mercedes,1995
Olivier Panis PAN,FRA,16,8,Ligier Mugen Honda,1995
Heinz-Harald Frentzen FRE,GER,15,9,Sauber Ford,1995
Mark Blundell BLU,GBR,13,10,McLaren Mercedes,1995
Rubens Barrichello BAR,BRA,11,11,Jordan Peugeot,1995
Eddie Irvine IRV,GBR,10,12,Jordan Peugeot,1995
Martin Brundle BRU,GBR,7,13,Ligier Mugen Honda,1995
Gianni Morbidelli MOR,ITA,5,14,Footwork Hart,1995
Mika Salo SAL,FIN,5,15,Tyrrell Yamaha,1995
Jean-Christophe Boullion BOU,FRA,3,16,Sauber Ford,1995
Aguri Suzuki SUZ,JPN,1,17,Ligier Mugen Honda,1995
Pedro Lamy LAM,POR,1,18,Minardi Ford,1995
Damon Hill HIL,GBR,97,1,Williams Renault,1996
Jacques Villeneuve VIL,CAN,78,2,Williams Renault,1996
Michael Schumacher MSC,GER,59,3,Ferrari,1996
Jean Alesi ALE,FRA,47,4,Benetton Renault,1996
Mika Hakkinen HAK,FIN,31,5,McLaren Mercedes,1996
Gerhard Berger BER,AUT,21,6,Benetton Renault,1996
David Coulthard COU,GBR,18,7,McLaren Mercedes,1996
Rubens Barrichello BAR,BRA,14,8,Jordan Peugeot,1996
Olivier Panis PAN,FRA,13,9,Ligier Mugen Honda,1996
Eddie Irvine IRV,GBR,11,10,Ferrari,1996
Martin Brundle BRU,GBR,8,11,Jordan Peugeot,1996
Heinz-Harald Frentzen FRE,GER,7,12,Sauber Ford,1996
Mika Salo SAL,FIN,5,13,Tyrrell Yamaha,1996
Johnny Herbert HER,GBR,4,14,Sauber Ford,1996
Pedro Diniz DIN,BRA,2,15,Ligier Mugen Honda,1996
Jos Verstappen VER,NED,1,16,Footwork Hart,1996
Jacques Villeneuve VIL,CAN,81,1,Williams Renault,1997
Michael Schumacher MSC,GER,78,DQ,Ferrari,1997
Heinz-Harald Frentzen FRE,GER,42,2,Williams Renault,1997
David Coulthard COU,GBR,36,3,McLaren Mercedes,1997
Jean Alesi ALE,FRA,36,4,Benetton Renault,1997
Gerhard Berger BER,AUT,27,5,Benetton Renault,1997
Mika Hakkinen HAK,FIN,27,6,McLaren Mercedes,1997
Eddie Irvine IRV,GBR,24,7,Ferrari,1997
Giancarlo Fisichella FIS,ITA,20,8,Jordan Peugeot,1997
Olivier Panis PAN,FRA,16,9,Prost Mugen Honda,1997
Johnny Herbert HER,GBR,15,10,Sauber Petronas,1997
Ralf Schumacher RSC,GER,13,11,Jordan Peugeot,1997
Damon Hill HIL,GBR,7,12,Arrows Yamaha,1997
Rubens Barrichello BAR,BRA,6,13,Stewart Ford,1997
Alexander Wurz WUR,AUT,4,14,Benetton Renault,1997
Jarno Trulli TRU,ITA,3,15,Prost Mugen Honda,1997
Mika Salo SAL,FIN,2,16,Tyrrell Ford,1997
Pedro Diniz DIN,BRA,2,17,Arrows Yamaha,1997
Shinji Nakano NAK,JPN,2,18,Prost Mugen Honda,1997
Nicola Larini LAR,ITA,1,19,Sauber Petronas,1997
Mika Hakkinen HAK,FIN,100,1,McLaren Mercedes,1998
Michael Schumacher MSC,GER,86,2,Ferrari,1998
David Coulthard COU,GBR,56,3,McLaren Mercedes,1998
Eddie Irvine IRV,GBR,47,4,Ferrari,1998
Jacques Villeneuve VIL,CAN,21,5,Williams Mecachrome,1998
Damon Hill HIL,GBR,20,6,Jordan Mugen Honda,1998
Heinz-Harald Frentzen FRE,GER,17,7,Williams Mecachrome,1998
Alexander Wurz WUR,AUT,17,8,Benetton Playlife,1998
Giancarlo Fisichella FIS,ITA,16,9,Benetton Playlife,1998
Ralf Schumacher RSC,GER,14,10,Jordan Mugen Honda,1998
Jean Alesi ALE,FRA,9,11,Sauber Petronas,1998
Rubens Barrichello BAR,BRA,4,12,Stewart Ford,1998
Mika Salo SAL,FIN,3,13,Arrows,1998
Pedro Diniz DIN,BRA,3,14,Arrows,1998
Johnny Herbert HER,GBR,1,15,Sauber Petronas,1998
Jan Magnussen MAG,DEN,1,16,Stewart Ford,1998
Jarno Trulli TRU,ITA,1,17,Prost Peugeot,1998
Ricardo Rosset ROS,BRA,0,18,Tyrrell Ford,1998
Olivier Panis PAN,FRA,0,19,Prost Peugeot,1998
Toranosuke Takagi TAK,JPN,0,20,Tyrrell Ford,1998
Shinji Nakano NAK,JPN,0,21,Minardi Ford,1998
Esteban Tuero TUE,ARG,0,22,Minardi Ford,1998
Jos Verstappen VER,NED,0,23,Stewart Ford,1998
Mika Hakkinen HAK,FIN,76,1,McLaren Mercedes,1999
Eddie Irvine IRV,GBR,74,2,Ferrari,1999
Heinz-Harald Frentzen FRE,GER,54,3,Jordan Mugen Honda,1999
David Coulthard COU,GBR,48,4,McLaren Mercedes,1999
Michael Schumacher MSC,GER,44,5,Ferrari,1999
Ralf Schumacher RSC,GER,35,6,Williams Supertec,1999
Rubens Barrichello BAR,BRA,21,7,Stewart Ford,1999
Johnny Herbert HER,GBR,15,8,Stewart Ford,1999
Giancarlo Fisichella FIS,ITA,13,9,Benetton Playlife,1999
Mika Salo SAL,FIN,10,10,Ferrari,1999
Jarno Trulli TRU,ITA,7,11,Prost Peugeot,1999
Damon Hill HIL,GBR,7,12,Jordan Mugen Honda,1999
Alexander Wurz WUR,AUT,3,13,Benetton Playlife,1999
Pedro Diniz DIN,BRA,3,14,Sauber Petronas,1999
Olivier Panis PAN,FRA,2,15,Prost Peugeot,1999
Jean Alesi ALE,FRA,2,16,Sauber Petronas,1999
Pedro de la Rosa DLR,ESP,1,17,Arrows,1999
Marc Gene GEN,ESP,1,18,Minardi Ford,1999
Michael Schumacher MSC,GER,108,1,Ferrari,2000
Mika Hakkinen HAK,FIN,89,2,McLaren Mercedes,2000
David Coulthard COU,GBR,73,3,McLaren Mercedes,2000
Rubens Barrichello BAR,BRA,62,4,Ferrari,2000
Ralf Schumacher RSC,GER,24,5,Williams BMW,2000
Giancarlo Fisichella FIS,ITA,18,6,Benetton Playlife,2000
Jacques Villeneuve VIL,CAN,17,7,BAR Honda,2000
Jenson Button BUT,GBR,12,8,Williams BMW,2000
Heinz-Harald Frentzen FRE,GER,11,9,Jordan Mugen Honda,2000
Jarno Trulli TRU,ITA,6,10,Jordan Mugen Honda,2000
Mika Salo SAL,FIN,6,11,Sauber Petronas,2000
Jos Verstappen VER,NED,5,12,Arrows Supertec,2000
Eddie Irvine IRV,GBR,4,13,Jaguar Cosworth,2000
Ricardo Zonta ZON,BRA,3,14,BAR Honda,2000
Alexander Wurz WUR,AUT,2,15,Benetton Playlife,2000
Pedro de la Rosa DLR,ESP,2,16,Arrows Supertec,2000
Pedro Diniz DIN,BRA,0,17,Sauber Petronas,2000
Johnny Herbert HER,GBR,0,18,Jaguar Cosworth,2000
Marc Gene GEN,ESP,0,19,Minardi Fondmetal,2000
Gaston Mazzacane MAZ,ARG,0,20,Minardi Fondmetal,2000
Nick Heidfeld HEI,GER,0,21,Prost Peugeot,2000
Jean Alesi ALE,FRA,0,22,Prost Peugeot,2000
Luciano Burti BUR,BRA,0,23,Jaguar Cosworth,2000
Michael Schumacher MSC,GER,123,1,Ferrari,2001
David Coulthard COU,GBR,65,2,McLaren Mercedes,2001
Rubens Barrichello BAR,BRA,56,3,Ferrari,2001
Ralf Schumacher RSC,GER,49,4,Williams BMW,2001
Mika Hakkinen HAK,FIN,37,5,McLaren Mercedes,2001
Juan Pablo Montoya MOY,COL,31,6,Williams BMW,2001
Jacques Villeneuve VIL,CAN,12,7,BAR Honda,2001
Nick Heidfeld HEI,GER,12,8,Sauber Petronas,2001
Jarno Trulli TRU,ITA,12,9,Jordan Honda,2001
Kimi Räikkönen RAI,FIN,9,10,Sauber Petronas,2001
Giancarlo Fisichella FIS,ITA,8,11,Benetton Renault,2001
Eddie Irvine IRV,GBR,6,12,Jaguar Cosworth,2001
Heinz-Harald Frentzen FRE,GER,6,13,Prost Acer,2001
Olivier Panis PAN,FRA,5,14,BAR Honda,2001
Jean Alesi ALE,FRA,5,15,Jordan Honda,2001
Pedro de la Rosa DLR,ESP,3,16,Jaguar Cosworth,2001
Jenson Button BUT,GBR,2,17,Benetton Renault,2001
Jos Verstappen VER,NED,1,18,Arrows Asiatech,2001
Michael Schumacher MSC,GER,144,1,Ferrari,2002
Rubens Barrichello BAR,BRA,77,2,Ferrari,2002
Juan Pablo Montoya MOY,COL,50,3,Williams BMW,2002
Ralf Schumacher RSC,GER,42,4,Williams BMW,2002
David Coulthard COU,GBR,41,5,McLaren Mercedes,2002
Kimi Räikkönen RAI,FIN,24,6,McLaren Mercedes,2002
Jenson Button BUT,GBR,14,7,Renault,2002
Jarno Trulli TRU,ITA,9,8,Renault,2002
Eddie Irvine IRV,GBR,8,9,Jaguar Cosworth,2002
Nick Heidfeld HEI,GER,7,10,Sauber Petronas,2002
Giancarlo Fisichella FIS,ITA,7,11,Jordan Honda,2002
Jacques Villeneuve VIL,CAN,4,12,BAR Honda,2002
Felipe Massa MAS,BRA,4,13,Sauber Petronas,2002
Olivier Panis PAN,FRA,3,14,BAR Honda,2002
Takuma Sato SAT,JPN,2,15,Jordan Honda,2002
Mark Webber WEB,AUS,2,16,Minardi Asiatech,2002
Mika Salo SAL,FIN,2,17,Toyota,2002
Heinz-Harald Frentzen FRE,GER,2,18,Sauber Petronas,2002
Allan McNish MCN,GBR,0,19,Toyota,2002
Alex Yoong YOO,MAS,0,20,Minardi Asiatech,2002
Pedro de la Rosa DLR,ESP,0,21,Jaguar Cosworth,2002
Enrique Bernoldi BER,BRA,0,22,Arrows Cosworth,2002
Michael Schumacher MSC,GER,93,1,Ferrari,2003
Kimi Räikkönen RAI,FIN,91,2,McLaren Mercedes,2003
Juan Pablo Montoya MOY,COL,82,3,Williams BMW,2003
Rubens Barrichello BAR,BRA,65,4,Ferrari,2003
Ralf Schumacher RSC,GER,58,5,Williams BMW,2003
Fernando Alonso ALO,ESP,55,6,Renault,2003
David Coulthard COU,GBR,51,7,McLaren Mercedes,2003
Jarno Trulli TRU,ITA,33,8,Renault,2003
Jenson Button BUT,GBR,17,9,BAR Honda,2003
Mark Webber WEB,AUS,17,10,Jaguar Cosworth,2003
Heinz-Harald Frentzen FRE,GER,13,11,Sauber Petronas,2003
Giancarlo Fisichella FIS,ITA,12,12,Jordan Ford,2003
Cristiano da Matta DAM,BRA,10,13,Toyota,2003
Nick Heidfeld HEI,GER,6,14,Sauber Petronas,2003
Olivier Panis PAN,FRA,6,15,Toyota,2003
Jacques Villeneuve VIL,CAN,6,16,BAR Honda,2003
Marc Gene GEN,ESP,4,17,Williams BMW,2003
Takuma Sato SAT,JPN,3,18,BAR Honda,2003
Ralph Firman FIR,IRL,1,19,Jordan Ford,2003
Justin Wilson WIL,GBR,1,20,Jaguar Cosworth,2003
Antonio Pizzonia PIZ,BRA,0,21,Jaguar Cosworth,2003
Jos Verstappen VER,NED,0,22,Minardi Cosworth,2003
Nicolas Kiesa KIE,DEN,0,23,Minardi Cosworth,2003
Zsolt Baumgartner BAU,HUN,0,24,Jordan Ford,2003
Michael Schumacher MSC,GER,148,1,Ferrari,2004
Rubens Barrichello BAR,BRA,114,2,Ferrari,2004
Jenson Button BUT,GBR,85,3,BAR Honda,2004
Fernando Alonso ALO,ESP,59,4,Renault,2004
Juan Pablo Montoya MOY,COL,58,5,Williams BMW,2004
Jarno Trulli TRU,ITA,46,6,Toyota,2004
Kimi Räikkönen RAI,FIN,45,7,McLaren Mercedes,2004
Takuma Sato SAT,JPN,34,8,BAR Honda,2004
Ralf Schumacher RSC,GER,24,9,Williams BMW,2004
David Coulthard COU,GBR,24,10,McLaren Mercedes,2004
Giancarlo Fisichella FIS,ITA,22,11,Sauber Petronas,2004
Felipe Massa MAS,BRA,12,12,Sauber Petronas,2004
Mark Webber WEB,AUS,7,13,Jaguar Cosworth,2004
Olivier Panis PAN,FRA,6,14,Toyota,2004
Antonio Pizzonia PIZ,BRA,6,15,Williams BMW,2004
Christian Klien KLI,AUT,3,16,Jaguar Cosworth,2004
Cristiano da Matta DAM,BRA,3,17,Toyota,2004
Nick Heidfeld HEI,GER,3,18,Jordan Ford,2004
Timo Glock GLO,GER,2,19,Jordan Ford,2004
Zsolt Baumgartner BAU,HUN,1,20,Minardi Cosworth,2004
Jacques Villeneuve VIL,CAN,0,21,Renault,2004
Ricardo Zonta ZON,BRA,0,22,Toyota,2004
Marc Gene GEN,ESP,0,23,Williams BMW,2004
Giorgio Pantano PAN,ITA,0,24,Jordan Ford,2004
Gianmaria Bruni BRU,ITA,0,25,Minardi Cosworth,2004
Fernando Alonso ALO,ESP,133,1,Renault,2005
Kimi Räikkönen RAI,FIN,112,2,McLaren Mercedes,2005
Michael Schumacher MSC,GER,62,3,Ferrari,2005
Juan Pablo Montoya MOY,COL,60,4,McLaren Mercedes,2005
Giancarlo Fisichella FIS,ITA,58,5,Renault,2005
Ralf Schumacher RSC,GER,45,6,Toyota,2005
Jarno Trulli TRU,ITA,43,7,Toyota,2005
Rubens Barrichello BAR,BRA,38,8,Ferrari,2005
Jenson Button BUT,GBR,37,9,BAR Honda,2005
Mark Webber WEB,AUS,36,10,Williams BMW,2005
Nick Heidfeld HEI,GER,28,11,Williams BMW,2005
David Coulthard COU,GBR,24,12,RBR Cosworth,2005
Felipe Massa MAS,BRA,11,13,Sauber Petronas,2005
Jacques Villeneuve VIL,CAN,9,14,Sauber Petronas,2005
Christian Klien KLI,AUT,9,15,RBR Cosworth,2005
Tiago Monteiro MON,POR,7,16,Jordan Toyota,2005
Alexander Wurz WUR,AUT,6,17,McLaren Mercedes,2005
Narain Karthikeyan KAR,IND,5,18,Jordan Toyota,2005
Christijan Albers ALB,NED,4,19,Minardi Cosworth,2005
Pedro de la Rosa DLR,ESP,4,20,McLaren Mercedes,2005
Patrick Friesacher FRI,AUT,3,21,Minardi Cosworth,2005
Antonio Pizzonia PIZ,BRA,2,22,Williams BMW,2005
Takuma Sato SAT,JPN,1,23,BAR Honda,2005
Vitantonio Liuzzi LIU,ITA,1,24,RBR Cosworth,2005
Robert Doornbos DOO,MON,0,25,Minardi Cosworth,2005
Lewis Hamilton HAM,GBR,363,1,Mercedes,2017
Sebastian Vettel VET,GER,317,2,Ferrari,2017
Valtteri Bottas BOT,FIN,305,3,Mercedes,2017
Kimi Räikkönen RAI,FIN,205,4,Ferrari,2017
Daniel Ricciardo RIC,AUS,200,5,Red Bull Racing TAG Heuer,2017
Max Verstappen VER,NED,168,6,Red Bull Racing TAG Heuer,2017
Sergio Perez PER,MEX,100,7,Force India Mercedes,2017
Esteban Ocon OCO,FRA,87,8,Force India Mercedes,2017
Carlos Sainz SAI,ESP,54,9,Renault,2017
Nico Hulkenberg HUL,GER,43,10,Renault,2017
Felipe Massa MAS,BRA,43,11,Williams Mercedes,2017
Lance Stroll STR,CAN,40,12,Williams Mercedes,2017
Romain Grosjean GRO,FRA,28,13,Haas Ferrari,2017
Kevin Magnussen MAG,DEN,19,14,Haas Ferrari,2017
Fernando Alonso ALO,ESP,17,15,McLaren Honda,2017
Stoffel Vandoorne VAN,BEL,13,16,McLaren Honda,2017
Jolyon Palmer PAL,GBR,8,17,Renault,2017
Pascal Wehrlein WEH,GER,5,18,Sauber Ferrari,2017
Daniil Kvyat KVY,RUS,5,19,Toro Rosso,2017
Marcus Ericsson ERI,SWE,0,20,Sauber Ferrari,2017
Pierre Gasly GAS,FRA,0,21,Toro Rosso,2017
Antonio Giovinazzi GIO,ITA,0,22,Sauber Ferrari,2017
Brendon Hartley HAR,NZL,0,23,Toro Rosso,2017
Lewis Hamilton HAM,GBR,408,1,Mercedes,2018
Sebastian Vettel VET,GER,320,2,Ferrari,2018
Kimi Räikkönen RAI,FIN,251,3,Ferrari,2018
Max Verstappen VER,NED,249,4,Red Bull Racing TAG Heuer,2018
Valtteri Bottas BOT,FIN,247,5,Mercedes,2018
Daniel Ricciardo RIC,AUS,170,6,Red Bull Racing TAG Heuer,2018
Nico Hulkenberg HUL,GER,69,7,Renault,2018
Sergio Perez PER,MEX,62,8,Force India Mercedes,2018
Kevin Magnussen MAG,DEN,56,9,Haas Ferrari,2018
Carlos Sainz SAI,ESP,53,10,Renault,2018
Fernando Alonso ALO,ESP,50,11,McLaren Renault,2018
Esteban Ocon OCO,FRA,49,12,Force India Mercedes,2018
Charles Leclerc LEC,MON,39,13,Sauber Ferrari,2018
Romain Grosjean GRO,FRA,37,14,Haas Ferrari,2018
Pierre Gasly GAS,FRA,29,15,Scuderia Toro Rosso Honda,2018
Stoffel Vandoorne VAN,BEL,12,16,McLaren Renault,2018
Marcus Ericsson ERI,SWE,9,17,Sauber Ferrari,2018
Lance Stroll STR,CAN,6,18,Williams Mercedes,2018
Brendon Hartley HAR,NZL,4,19,Scuderia Toro Rosso Honda,2018
Sergey Sirotkin SIR,RUS,1,20,Williams Mercedes,2018
Lewis Hamilton HAM,GBR,413,1,Mercedes,2019
Valtteri Bottas BOT,FIN,326,2,Mercedes,2019
Max Verstappen VER,NED,278,3,Red Bull Racing Honda,2019
Charles Leclerc LEC,MON,264,4,Ferrari,2019
Sebastian Vettel VET,GER,240,5,Ferrari,2019
Carlos Sainz SAI,ESP,96,6,McLaren Renault,2019
Pierre Gasly GAS,FRA,95,7,Scuderia Toro Rosso Honda,2019
Alexander Albon ALB,THA,92,8,Red Bull Racing Honda,2019
Daniel Ricciardo RIC,AUS,54,9,Renault,2019
Sergio Perez PER,MEX,52,10,Racing Point BWT Mercedes,2019
Lando Norris NOR,GBR,49,11,McLaren Renault,2019
Kimi Räikkönen RAI,FIN,43,12,Alfa Romeo Racing Ferrari,2019
Daniil Kvyat KVY,RUS,37,13,Scuderia Toro Rosso Honda,2019
Nico Hulkenberg HUL,GER,37,14,Renault,2019
Lance Stroll STR,CAN,21,15,Racing Point BWT Mercedes,2019
Kevin Magnussen MAG,DEN,20,16,Haas Ferrari,2019
Antonio Giovinazzi GIO,ITA,14,17,Alfa Romeo Racing Ferrari,2019
Romain Grosjean GRO,FRA,8,18,Haas Ferrari,2019
Robert Kubica KUB,POL,1,19,Williams Mercedes,2019
George Russell RUS,GBR,0,20,Williams Mercedes,2019
Lewis Hamilton HAM,GBR,347,1,Mercedes,2020
Valtteri Bottas BOT,FIN,223,2,Mercedes,2020
Max Verstappen VER,NED,214,3,Red Bull Racing Honda,2020
Sergio Perez PER,MEX,125,4,Racing Point BWT Mercedes,2020
Daniel Ricciardo RIC,AUS,119,5,Renault,2020
Carlos Sainz SAI,ESP,105,6,McLaren Renault,2020
Alexander Albon ALB,THA,105,7,Red Bull Racing Honda,2020
Charles Leclerc LEC,MON,98,8,Ferrari,2020
Lando Norris NOR,GBR,97,9,McLaren Renault,2020
Pierre Gasly GAS,FRA,75,10,AlphaTauri Honda,2020
Lance Stroll STR,CAN,75,11,Racing Point BWT Mercedes,2020
Esteban Ocon OCO,FRA,62,12,Renault,2020
Sebastian Vettel VET,GER,33,13,Ferrari,2020
Daniil Kvyat KVY,RUS,32,14,AlphaTauri Honda,2020
Nico Hulkenberg HUL,GER,10,15,Racing Point BWT Mercedes,2020
Kimi Räikkönen RAI,FIN,4,16,Alfa Romeo Racing Ferrari,2020
Antonio Giovinazzi GIO,ITA,4,17,Alfa Romeo Racing Ferrari,2020
George Russell RUS,GBR,3,18,Williams Mercedes,2020
Romain Grosjean GRO,FRA,2,19,Haas Ferrari,2020
Kevin Magnussen MAG,DEN,1,20,Haas Ferrari,2020
Nicholas Latifi LAT,CAN,0,21,Williams Mercedes,2020
Jack Aitken AIT,GBR,0,22,Williams Mercedes,2020
Pietro Fittipaldi FIT,BRA,0,23,Haas Ferrari,2020
